prompt,prompt_ko,subtitle,characters,scene_tag,style_tag,shot_type,duration,start_time,end_time,parent_scene
"Dallae kneeling with straw rope half-wrapped on her wrists, looking up and speaking to Lord Shim on the wooden hall, guests frozen. Characters: Dallae (young seamstress in faded white jeogori), Lord Shim (elderly nobleman with white beard). Setting: noble mansion courtyard decorated for a 60th birthday feast, lanterns, red cloth tables, awnings, spring morning. Korean animation style, soft cel shading, clean line art, warm muted colors, Joseon dynasty 1730s, no text","""대감마님. 그 도포를 벗어 주십시오."" ""너, 지금 말을 한 것이냐?""","""대감마님. 그 도포를 벗어 주십시오."" ""너, 지금 말을 한 것이냐?"" ""안감을 뜯어 보시면, 이 댁 쌀이 어디로 갔는지 아시게 됩니다.""","달래,심대감",courtyard_feast,"Korean animation style, soft cel shading, clean line art, warm muted colors, Joseon dynasty 1730s",dialogue,13.490,0.000,13.490,S001
"close-up of Dallae's calm determined face, constables on both sides, morning light. Characters: Dallae (young seamstress in faded white jeogori). Setting: noble mansion courtyard decorated for a 60th birthday feast, lanterns, red cloth tables, awnings, spring morning. Korean animation style, soft cel shading, clean line art, warm muted colors, Joseon dynasty 1730s, no text","관아로 끌려가던 날 아침, 포승줄에 묶인 침모가 삼 년 만에 처음으로 입","관아로 끌려가던 날 아침, 포승줄에 묶인 침모가 삼 년 만에 처음으로 입을 열었습니다 모두가 말 못 하는 줄로만 알던 여인이었지요",달래,courtyard_feast,"Korean animation style, soft cel shading, clean line art, warm muted colors, Joseon dynasty 1730s",reaction,12.030,13.490,25.520,S001
"Lord Shim in indigo robe on the hall, hand on his robe's collar, puzzled and tense. Characters: Lord Shim (elderly nobleman with white beard). Setting: noble mansion courtyard decorated for a 60th birthday feast, lanterns, red cloth tables, awnings, spring morning. Korean animation style, soft cel shading, clean line art, warm muted colors, Joseon dynasty 1730s, no text",도포 안에는 대체 무엇이 있었을까요 그리고 이 여인은 관아로 끌려가는 길,도포 안에는 대체 무엇이 있었을까요 그리고 이 여인은 관아로 끌려가는 길을 끝내 피할 수 있었을까요,심대감,courtyard_feast,"Korean animation style, soft cel shading, clean line art, warm muted colors, Joseon dynasty 1730s",scene,9.960,25.520,35.480,S001
"a single oil lamp glowing in a small sewing room before dawn, seen from outside through paper door. Characters: Dallae (young seamstress in faded white jeogori). Setting: small Joseon sewing room at night lit by a single oil lamp, fabrics and threads. Korean animation style, soft cel shading, clean line art, warm muted colors, Joseon dynasty 1730s, no text",이야기는 그날 새벽으로 거슬러 올라갑니다 잔칫날 새벽이었습니다,이야기는 그날 새벽으로 거슬러 올라갑니다 잔칫날 새벽이었습니다,달래,chimbang_night,"Korean animation style, soft cel shading, clean line art, warm muted colors, Joseon dynasty 1730s",narration,7.160,35.480,42.640,S001
"wide view of a large tiled-roof noble mansion in Hanyang before dawn, only one window lit. Setting: Bukchon alley and tiled roofs at night. Korean animation style, soft cel shading, clean line art, warm muted colors, Joseon dynasty 1730s, no text","한양 북촌, 호조판서를 지낸 심 대감의 아흔아홉 칸 집에서는 침방 하나에","한양 북촌, 호조판서를 지낸 심 대감의 아흔아홉 칸 집에서는 침방 하나에만 등잔불이 켜져 있었지요",,bukchon_night,"Korean animation style, soft cel shading, clean line art, warm muted colors, Joseon dynasty 1730s",scene,9.760,42.640,52.400,S001
"Dallae kneeling under an oil lamp, sewing quietly. Characters: Dallae (young seamstress in faded white jeogori). Setting: small Joseon sewing room at night lit by a single oil lamp, fabrics and threads. Korean animation style, soft cel shading, clean line art, warm muted colors, Joseon dynasty 1730s, no text",등잔 아래에는 젊은 침모 하나가 무릎을 꿇고 앉아 있었습니다,등잔 아래에는 젊은 침모 하나가 무릎을 꿇고 앉아 있었습니다,달래,chimbang_night,"Korean animation style, soft cel shading, clean line art, warm muted colors, Joseon dynasty 1730s",scene,6.260,52.400,58.660,S001
"close-up of an indigo robe spread on her knees, a thin needle moving up and down. Characters: Dallae (young seamstress in faded white jeogori). Setting: small Joseon sewing room at night lit by a single oil lamp, fabrics and threads. Korean animation style, soft cel shading, clean line art, warm muted colors, Joseon dynasty 1730s, no text","무릎 위에는 대감의 쪽빛 도포가 펼쳐져 있었고, 침모의 손에서는 가느다란","무릎 위에는 대감의 쪽빛 도포가 펼쳐져 있었고, 침모의 손에서는 가느다란 바늘이 쉬지 않고 오르내렸어요",달래,chimbang_night,"Korean animation style, soft cel shading, clean line art, warm muted colors, Joseon dynasty 1730s",scene,9.550,58.660,68.210,S001
"close-up of the robe's white inner lining lifted, needle stitching inside a hidden fold. Characters: Dallae (young seamstress in faded white jeogori). Setting: small Joseon sewing room at night lit by a single oil lamp, fabrics and threads. Korean animation style, soft cel shading, clean line art, warm muted colors, Joseon dynasty 1730s, no text","바늘이 지나가는 곳은 도포의 겉감이 아니었습니다 안감 깊숙한 곳, 사람의","바늘이 지나가는 곳은 도포의 겉감이 아니었습니다 안감 깊숙한 곳, 사람의 눈이 좀처럼 닿지 않는 자락이었지요",달래,chimbang_night,"Korean animation style, soft cel shading, clean line art, warm muted colors, Joseon dynasty 1730s",scene,11.300,68.210,79.510,S001
"extreme close-up of red thread and blue thread stitches and a tiny knot, she bites off the thread. Characters: Dallae (young seamstress in faded white jeogori). Setting: small Joseon sewing room at night lit by a single oil lamp, fabrics and threads. Korean animation style, soft cel shading, clean line art, warm muted colors, Joseon dynasty 1730s, no text",붉은 실 한 땀 푸른 실 한 땀 그리고 작은 매듭 하나 마지막 매듭을 이,붉은 실 한 땀 푸른 실 한 땀 그리고 작은 매듭 하나 마지막 매듭을 이로 끊어 낸 침모가 도포를 가만히 쓸어내렸습니다,달래,chimbang_night,"Korean animation style, soft cel shading, clean line art, warm muted colors, Joseon dynasty 1730s",scene,13.530,79.510,93.040,S001
"Dallae whispering to herself with a faint relieved expression, lamp light on her face. Characters: Dallae (young seamstress in faded white jeogori). Setting: small Joseon sewing room at night lit by a single oil lamp, fabrics and threads. Korean animation style, soft cel shading, clean line art, warm muted colors, Joseon dynasty 1730s, no text","그러고는 아주 작은 목소리로 중얼거렸지요 ""이제 되었습니다."" 이 집 사","그러고는 아주 작은 목소리로 중얼거렸지요 ""이제 되었습니다."" 이 집 사람들이 들었다면 모두 제 귀를 의심했을 겁니다",달래,chimbang_night,"Korean animation style, soft cel shading, clean line art, warm muted colors, Joseon dynasty 1730s",reaction,12.100,93.040,105.140,S001
"memory image: a young woman collapsed in snow before a large wooden gate. Characters: Dallae (young seamstress in faded white jeogori). Setting: grand wooden gate of a Joseon mansion covered in first snow at dawn. Korean animation style, soft cel shading, clean line art, warm muted colors, Joseon dynasty 1730s, no text",이 침모는 삼 년 전 이 집 대문 앞에서 발견된 뒤로 단 한 번도 입을 ,이 침모는 삼 년 전 이 집 대문 앞에서 발견된 뒤로 단 한 번도 입을 연 적이 없었거든요,달래,gate_snow,"Korean animation style, soft cel shading, clean line art, warm muted colors, Joseon dynasty 1730s",narration,8.780,105.140,113.920,S001
"Dallae silently sewing while household members pass by outside the door. Characters: Dallae (young seamstress in faded white jeogori). Setting: small Joseon sewing room at night lit by a single oil lamp, fabrics and threads. Korean animation style, soft cel shading, clean line art, warm muted colors, Joseon dynasty 1730s, no text",식구들은 모두 이 침모가 말을 못 하는 사람이라고 알고 있었습니다 그런데,식구들은 모두 이 침모가 말을 못 하는 사람이라고 알고 있었습니다 그런데 그 입이 방금 말을 했습니다,달래,chimbang_night,"Korean animation style, soft cel shading, clean line art, warm muted colors, Joseon dynasty 1730s",scene,9.660,113.920,123.580,S001
"close-up of hidden red and blue stitches inside the robe lining, mysterious. Characters: Dallae (young seamstress in faded white jeogori). Setting: small Joseon sewing room at night lit by a single oil lamp, fabrics and threads. Korean animation style, soft cel shading, clean line art, warm muted colors, Joseon dynasty 1730s, no text","그리고 이 도포 안감에는, 이 집 곳간에서 세 해 동안 쌀을 빼돌린 자의","그리고 이 도포 안감에는, 이 집 곳간에서 세 해 동안 쌀을 빼돌린 자의 흔적이 새겨져 있었지요 문제는 따로 있었습니다",달래,chimbang_night,"Korean animation style, soft cel shading, clean line art, warm muted colors, Joseon dynasty 1730s",scene,11.670,123.580,135.250,S001
"constables' red-tasseled hats and a coil of straw rope on a table, ominous. Setting: stone-paved courtyard of a Joseon noble mansion, wooden pillars, tiled roofs, daylight. Korean animation style, soft cel shading, clean line art, warm muted colors, Joseon dynasty 1730s, no text",날이 밝으면 관아에서 포졸이 오기로 되어 있었어요 대감 마님의 은비녀를 ,날이 밝으면 관아에서 포졸이 오기로 되어 있었어요 대감 마님의 은비녀를 훔친 도둑을 잡아가기 위해서였습니다,,courtyard,"Korean animation style, soft cel shading, clean line art, warm muted colors, Joseon dynasty 1730s",narration,10.650,135.250,145.900,S001
"Dallae stroking the folded robe, a rooster silhouette on the roof beyond paper window at dawn. Characters: Dallae (young seamstress in faded white jeogori). Setting: small Joseon sewing room at night lit by a single oil lamp, fabrics and threads. Korean animation style, soft cel shading, clean line art, warm muted colors, Joseon dynasty 1730s, no text","그리고 그 도둑으로 몰린 사람이 바로, 지금 도포를 쓰다듬고 있는 이 침","그리고 그 도둑으로 몰린 사람이 바로, 지금 도포를 쓰다듬고 있는 이 침모였습니다 창호지 밖에서 새벽닭이 울었습니다",달래,chimbang_night,"Korean animation style, soft cel shading, clean line art, warm muted colors, Joseon dynasty 1730s",scene,11.170,145.900,157.070,S001
"close-up of her trembling fingers tying a wrapping cloth bundle around the robe. Characters: Dallae (young seamstress in faded white jeogori). Setting: small Joseon sewing room at night lit by a single oil lamp, fabrics and threads. Korean animation style, soft cel shading, clean line art, warm muted colors, Joseon dynasty 1730s, no text",침모는 도포를 곱게 개어 보자기에 쌌지요 보자기 매듭을 짓는 손끝이 아주,침모는 도포를 곱게 개어 보자기에 쌌지요 보자기 매듭을 짓는 손끝이 아주 조금 떨리고 있었습니다,달래,chimbang_night,"Korean animation style, soft cel shading, clean line art, warm muted colors, Joseon dynasty 1730s",scene,9.740,157.070,166.810,S001
"the wrapped cloth bundle on the floor beside a flickering lamp, question in the air. Characters: Dallae (young seamstress in faded white jeogori). Setting: small Joseon sewing room at night lit by a single oil lamp, fabrics and threads. Korean animation style, soft cel shading, clean line art, warm muted colors, Joseon dynasty 1730s, no text",과연 이 도포는 대감의 손에 무사히 닿을 수 있을까요? 그리고 세 해 동,과연 이 도포는 대감의 손에 무사히 닿을 수 있을까요? 그리고 세 해 동안 곳간을 털어 온 진짜 도둑은 누구였을까요?,달래,chimbang_night,"Korean animation style, soft cel shading, clean line art, warm muted colors, Joseon dynasty 1730s",narration,10.490,166.810,177.300,S001
"warm storyteller's room with a crackling clay stove and firewood, inviting. Setting: cozy traditional Korean room with a lamp, low table, warm atmosphere. Korean animation style, soft cel shading, clean line art, warm muted colors, Joseon dynasty 1730s, no text",오늘도 문헌야담을 찾아 주셔서 고맙습니다 이야기가 마음에 드신다면 구독과,오늘도 문헌야담을 찾아 주셔서 고맙습니다 이야기가 마음에 드신다면 구독과 좋아요로 문헌야담 사랑방 아궁이에 장작 하나 넣어 주세요,,sarangbang_cozy,"Korean animation style, soft cel shading, clean line art, warm muted colors, Joseon dynasty 1730s",narration,12.950,177.300,190.250,S001
"an old storybook opening on a low table beside a lamp. Setting: cozy traditional Korean room with a lamp, low table, warm atmosphere. Korean animation style, soft cel shading, clean line art, warm muted colors, Joseon dynasty 1730s, no text","그럼 오늘의 이야기, 처음부터 천천히 풀어 드리겠습니다","그럼 오늘의 이야기, 처음부터 천천히 풀어 드리겠습니다",,sarangbang_cozy,"Korean animation style, soft cel shading, clean line art, warm muted colors, Joseon dynasty 1730s",narration,5.530,190.250,195.780,S001
"panorama of 18th-century Hanyang with tiled roofs and mountains, early morning. Setting: panorama of 18th-century Hanyang with tiled roofs and mountains. Korean animation style, soft cel shading, clean line art, warm muted colors, Joseon dynasty 1730s, no text",영조 임금이 보위에 오른 지 몇 해 되지 않았을 무렵의 일입니다,영조 임금이 보위에 오른 지 몇 해 되지 않았을 무렵의 일입니다,,hanyang_view,"Korean animation style, soft cel shading, clean line art, warm muted colors, Joseon dynasty 1730s",narration,6.090,195.780,201.870,S002
"narrow Bukchon alley lined with tiled walls leading to a grand gate. Setting: narrow Bukchon alley in Hanyang lined with tiled walls. Korean animation style, soft cel shading, clean line art, warm muted colors, Joseon dynasty 1730s, no text","한양 북촌, 기와지붕이 줄지어 선 골목 끝에 심 대감의 아흔아홉 칸 집이","한양 북촌, 기와지붕이 줄지어 선 골목 끝에 심 대감의 아흔아홉 칸 집이 있었지요",,bukchon_street,"Korean animation style, soft cel shading, clean line art, warm muted colors, Joseon dynasty 1730s",scene,8.380,201.870,210.250,S002
"Lord Shim at his desk quickly calculating on an abacus, sharp eyes, ledgers stacked. Characters: Lord Shim (elderly nobleman with white beard). Setting: Joseon nobleman's study with desk, inkstone, cabinets, ledgers, paper doors, daylight. Korean animation style, soft cel shading, clean line art, warm muted colors, Joseon dynasty 1730s, no text",대감은 호조판서까지 지내며 나라 살림을 셈하던 사람이었습니다 한 번 본 ,"대감은 호조판서까지 지내며 나라 살림을 셈하던 사람이었습니다 한 번 본 숫자는 잊지 않는다 하여, 동료들이 셈판 대감이라 부를 정도였어요",심대감,sarangchae,"Korean animation style, soft cel shading, clean line art, warm muted colors, Joseon dynasty 1730s",scene,13.800,210.250,224.050,S002
"neat symmetrical layout of the noble mansion from above. Setting: bird's-eye view of a large 99-kan Joseon noble mansion with courtyards. Korean animation style, soft cel shading, clean line art, warm muted colors, Joseon dynasty 1730s, no text",집도 주인을 닮아 반듯했습니다,집도 주인을 닮아 반듯했습니다,,mansion_overview,"Korean animation style, soft cel shading, clean line art, warm muted colors, Joseon dynasty 1730s",scene,3.520,224.050,227.570,S002
"tall main gate opening to men's quarters, inner gate leading to women's quarters and kitchen. Setting: bird's-eye view of a large 99-kan Joseon noble mansion with courtyards. Korean animation style, soft cel shading, clean line art, warm muted colors, Joseon dynasty 1730s, no text","솟을대문을 들어서면 사랑채가 먼저 손님을 맞았고, 중문 너머로 안채와 침","솟을대문을 들어서면 사랑채가 먼저 손님을 맞았고, 중문 너머로 안채와 침방, 부엌이 오순도순 모여 있었지요",,mansion_overview,"Korean animation style, soft cel shading, clean line art, warm muted colors, Joseon dynasty 1730s",scene,10.570,227.570,238.140,S002
"sunlit jar terrace behind the house next to a thick earthen-walled storehouse. Setting: earthen-walled storehouse of a Joseon mansion with heavy iron lock, jar terrace nearby, daylight. Korean animation style, soft cel shading, clean line art, warm muted colors, Joseon dynasty 1730s, no text","안채 뒤꼍에는 장독대가 볕을 쬐고 있었고, 그 옆으로 두툼한 흙벽을 두른","안채 뒤꼍에는 장독대가 볕을 쬐고 있었고, 그 옆으로 두툼한 흙벽을 두른 곳간이 자리 잡고 있었어요",,storehouse,"Korean animation style, soft cel shading, clean line art, warm muted colors, Joseon dynasty 1730s",scene,9.740,238.140,247.880,S002
"close-up of a heavy iron lock on the storehouse door. Setting: earthen-walled storehouse of a Joseon mansion with heavy iron lock, jar terrace nearby, daylight. Korean animation style, soft cel shading, clean line art, warm muted colors, Joseon dynasty 1730s, no text",곳간 문에는 어른 주먹만 한 무쇠 자물쇠가 묵직하게 매달려 있었지요 그 ,곳간 문에는 어른 주먹만 한 무쇠 자물쇠가 묵직하게 매달려 있었지요 그 집은 양주에 너른 전답을 가지고 있었습니다,,storehouse,"Korean animation style, soft cel shading, clean line art, warm muted colors, Joseon dynasty 1730s",scene,11.430,247.880,259.310,S002
"Kwak driving an ox cart loaded with rice sacks along autumn rice fields. Characters: Kwak (sunburnt broad-shouldered farm manager). Setting: rice fields and farming village in Yangju, Joseon dynasty. Korean animation style, soft cel shading, clean line art, warm muted colors, Joseon dynasty 1730s, no text",전답은 곽 마름이라는 사내가 맡아 돌보았지요 가을이면 곽 마름이 소작료로,전답은 곽 마름이라는 사내가 맡아 돌보았지요 가을이면 곽 마름이 소작료로 거둔 곡식을 달구지에 싣고 북촌 본가로 올라왔습니다,곽마름,yangju_fields,"Korean animation style, soft cel shading, clean line art, warm muted colors, Joseon dynasty 1730s",scene,12.220,259.310,271.530,S002
"Steward No writing in a ledger while rice sacks are carried into the storehouse. Characters: Steward No (bent old steward in brown robe). Setting: earthen-walled storehouse of a Joseon mansion with heavy iron lock, jar terrace nearby, daylight. Korean animation style, soft cel shading, clean line art, warm muted colors, Joseon dynasty 1730s, no text",그러면 삼십 년을 이 집에서 일한 노 청지기가 그 곡식을 받아 곳간에 들,그러면 삼십 년을 이 집에서 일한 노 청지기가 그 곡식을 받아 곳간에 들이고 장부에 적었어요 그런데 이상한 일이 있었습니다,노청지기,storehouse,"Korean animation style, soft cel shading, clean line art, warm muted colors, Joseon dynasty 1730s",scene,12.480,271.530,284.010,S002
"half-empty storehouse interior, fewer rice sacks than expected. Setting: earthen-walled storehouse of a Joseon mansion with heavy iron lock, jar terrace nearby, daylight. Korean animation style, soft cel shading, clean line art, warm muted colors, Joseon dynasty 1730s, no text","해마다 농사는 그만하면 되었다는데, 곳간은 해마다 조금씩 가벼워졌지요","해마다 농사는 그만하면 되었다는데, 곳간은 해마다 조금씩 가벼워졌지요",,storehouse,"Korean animation style, soft cel shading, clean line art, warm muted colors, Joseon dynasty 1730s",scene,7.370,284.010,291.380,S002
"Lord Shim frowning at the storehouse door, muttering to himself. Characters: Lord Shim (elderly nobleman with white beard). Setting: earthen-walled storehouse of a Joseon mansion with heavy iron lock, jar terrace nearby, daylight. Korean animation style, soft cel shading, clean line art, warm muted colors, Joseon dynasty 1730s, no text","나라 살림을 셈하던 대감이, 제 집 곳간만은 도무지 셈이 맞지 않았던 겁","나라 살림을 셈하던 대감이, 제 집 곳간만은 도무지 셈이 맞지 않았던 겁니다 ""거참, 쥐가 먹어도 이리 먹지는 않을 텐데.""",심대감,storehouse,"Korean animation style, soft cel shading, clean line art, warm muted colors, Joseon dynasty 1730s",dialogue,12.460,291.380,303.840,S002
"Lord Shim stroking his white beard in front of the storehouse, puzzled. Characters: Lord Shim (elderly nobleman with white beard). Setting: earthen-walled storehouse of a Joseon mansion with heavy iron lock, jar terrace nearby, daylight. Korean animation style, soft cel shading, clean line art, warm muted colors, Joseon dynasty 1730s, no text",대감은 곳간 문 앞에서 턱수염을 쓸며 혼잣말을 하곤 했습니다 대감에게는 ,대감은 곳간 문 앞에서 턱수염을 쓸며 혼잣말을 하곤 했습니다 대감에게는 무거운 일이 하나 더 있었어요,심대감,storehouse,"Korean animation style, soft cel shading, clean line art, warm muted colors, Joseon dynasty 1730s",reaction,10.380,303.840,314.220,S002
"Lord Shim holding little Juni on his lap, a memorial tablet in the background. Characters: Lord Shim (elderly nobleman with white beard), Juni (7-year-old noble boy with red ribbon). Setting: Joseon nobleman's study at night lit by an oil lamp, long shadows. Korean animation style, soft cel shading, clean line art, warm muted colors, Joseon dynasty 1730s, no text",외아들 내외가 몇 해 전 돌림병으로 잇따라 세상을 떠난 것이었습니다 남은,외아들 내외가 몇 해 전 돌림병으로 잇따라 세상을 떠난 것이었습니다 남은 것은 일곱 살 손자 준이 하나뿐이었지요,"심대감,준이",sarangchae_night,"Korean animation style, soft cel shading, clean line art, warm muted colors, Joseon dynasty 1730s",scene,11.640,314.220,325.860,S002
"Lord Shim sitting awake at night with sleeping Juni in his arms, lamp light. Characters: Lord Shim (elderly nobleman with white beard), Juni (7-year-old noble boy with red ribbon). Setting: Joseon nobleman's study at night lit by an oil lamp, long shadows. Korean animation style, soft cel shading, clean line art, warm muted colors, Joseon dynasty 1730s, no text",대감은 그 어린 손자를 품에 안고 사랑채의 긴 밤을 보내곤 했습니다,대감은 그 어린 손자를 품에 안고 사랑채의 긴 밤을 보내곤 했습니다,"심대감,준이",sarangchae_night,"Korean animation style, soft cel shading, clean line art, warm muted colors, Joseon dynasty 1730s",scene,6.440,325.860,332.300,S002
"first snow falling on the mansion gate at dawn, the gatekeeper opening the bar and shouting. Setting: grand wooden gate of a Joseon mansion covered in first snow at dawn. Korean animation style, soft cel shading, clean line art, warm muted colors, Joseon dynasty 1730s, no text","이야기는 삼 년 전, 첫눈이 내리던 겨울 아침으로 거슬러 올라갑니다 행랑","이야기는 삼 년 전, 첫눈이 내리던 겨울 아침으로 거슬러 올라갑니다 행랑아범이 대문 빗장을 열다 말고 소리를 질렀어요",,gate_snow,"Korean animation style, soft cel shading, clean line art, warm muted colors, Joseon dynasty 1730s",scene,12.080,332.300,344.380,S003
"a young woman collapsed on a snow pile, blue lips, worn-out straw shoes. Characters: Dallae (young seamstress in faded white jeogori). Setting: grand wooden gate of a Joseon mansion covered in first snow at dawn. Korean animation style, soft cel shading, clean line art, warm muted colors, Joseon dynasty 1730s, no text",대문 앞 눈 더미 위에 젊은 여인 하나가 쓰러져 있었던 겁니다 여인의 입,"대문 앞 눈 더미 위에 젊은 여인 하나가 쓰러져 있었던 겁니다 여인의 입술은 파랗게 질려 있었고, 짚신은 다 닳아 발가락이 드러나 있었습니다",달래,gate_snow,"Korean animation style, soft cel shading, clean line art, warm muted colors, Joseon dynasty 1730s",scene,13.400,344.380,357.780,S003
"servants carrying the woman to the kitchen fire, feeding her hot scorched-rice water. Characters: Dallae (young seamstress in faded white jeogori). Setting: Joseon mansion kitchen with iron cauldrons, clay stove, firewood, steam. Korean animation style, soft cel shading, clean line art, warm muted colors, Joseon dynasty 1730s, no text",행랑 사람들이 여인을 부엌 아궁이 앞으로 옮겨 뜨거운 숭늉을 떠 먹였지요,행랑 사람들이 여인을 부엌 아궁이 앞으로 옮겨 뜨거운 숭늉을 떠 먹였지요 한참 만에 눈을 뜬 여인에게 사람들이 물었습니다,달래,kitchen,"Korean animation style, soft cel shading, clean line art, warm muted colors, Joseon dynasty 1730s",scene,11.340,357.780,369.120,S003
"the woman pointing at her mouth and shaking her head slowly, servants around her. Characters: Dallae (young seamstress in faded white jeogori). Setting: Joseon mansion kitchen with iron cauldrons, clay stove, firewood, steam. Korean animation style, soft cel shading, clean line art, warm muted colors, Joseon dynasty 1730s, no text","어디서 왔느냐, 이름이 무엇이냐 여인은 대답 대신 제 입을 손으로 가리키","어디서 왔느냐, 이름이 무엇이냐 여인은 대답 대신 제 입을 손으로 가리키고, 고개를 천천히 저었습니다",달래,kitchen,"Korean animation style, soft cel shading, clean line art, warm muted colors, Joseon dynasty 1730s",scene,10.560,369.120,379.680,S003
"a small cotton handkerchief falling from her bosom onto the kitchen floor. Characters: Dallae (young seamstress in faded white jeogori). Setting: Joseon mansion kitchen with iron cauldrons, clay stove, firewood, steam. Korean animation style, soft cel shading, clean line art, warm muted colors, Joseon dynasty 1730s, no text","""말을 못 하는 게로구먼."" 누군가 혀를 찼어요 그때 여인의 품에서 작은","""말을 못 하는 게로구먼."" 누군가 혀를 찼어요 그때 여인의 품에서 작은 수건 하나가 떨어졌습니다",달래,kitchen,"Korean animation style, soft cel shading, clean line art, warm muted colors, Joseon dynasty 1730s",scene,9.830,379.680,389.510,S003
"close-up of an old handkerchief with two Korean letters embroidered in fine thread. Characters: Dallae (young seamstress in faded white jeogori). Setting: Joseon mansion kitchen with iron cauldrons, clay stove, firewood, steam. Korean animation style, soft cel shading, clean line art, warm muted colors, Joseon dynasty 1730s, no text","낡은 무명 수건 귀퉁이에 가는 실로 두 글자가 수놓여 있었지요 달래 ""이","낡은 무명 수건 귀퉁이에 가는 실로 두 글자가 수놓여 있었지요 달래 ""이게 이름인가 보네. 달래라.""",달래,kitchen,"Korean animation style, soft cel shading, clean line art, warm muted colors, Joseon dynasty 1730s",scene,11.580,389.510,401.090,S003
"servants calling the quiet woman by her new name, curious faces. Characters: Dallae (young seamstress in faded white jeogori). Setting: Joseon mansion kitchen with iron cauldrons, clay stove, firewood, steam. Korean animation style, soft cel shading, clean line art, warm muted colors, Joseon dynasty 1730s, no text","그날부터 여인은 달래라 불렸습니다 성이 무엇인지, 어디서 왔는지 아는 사","그날부터 여인은 달래라 불렸습니다 성이 무엇인지, 어디서 왔는지 아는 사람은 아무도 없었어요",달래,kitchen,"Korean animation style, soft cel shading, clean line art, warm muted colors, Joseon dynasty 1730s",narration,9.650,401.090,410.740,S003
"a kitchen woman massaging the stranger's hands, noticing thick calluses on fingertips. Characters: Dallae (young seamstress in faded white jeogori). Setting: Joseon mansion kitchen with iron cauldrons, clay stove, firewood, steam. Korean animation style, soft cel shading, clean line art, warm muted colors, Joseon dynasty 1730s, no text",다만 여인의 손을 주물러 주던 부엌 아낙 하나가 고개를 갸웃했습니다 손끝,다만 여인의 손을 주물러 주던 부엌 아낙 하나가 고개를 갸웃했습니다 손끝마다 단단한 굳은살이 박여 있었거든요,달래,kitchen,"Korean animation style, soft cel shading, clean line art, warm muted colors, Joseon dynasty 1730s",scene,11.470,410.740,422.210,S003
"the lady of the house entering the kitchen in the evening, looking down at the woman. Characters: Dallae (young seamstress in faded white jeogori), the lady of the house (graceful noblewoman in her fifties). Setting: Joseon mansion kitchen with iron cauldrons, clay stove, firewood, steam. Korean animation style, soft cel shading, clean line art, warm muted colors, Joseon dynasty 1730s, no text",오래도록 바늘을 쥐어 온 사람의 손이었습니다 그날 저녁 대감 마님이 부엌,오래도록 바늘을 쥐어 온 사람의 손이었습니다 그날 저녁 대감 마님이 부엌으로 건너와 여인을 내려다보았어요,"달래,대감마님",kitchen,"Korean animation style, soft cel shading, clean line art, warm muted colors, Joseon dynasty 1730s",scene,10.610,422.210,432.820,S003
"Dallae bowing deeply with forehead to the kitchen floor, graceful and proper. Characters: Dallae (young seamstress in faded white jeogori), the lady of the house (graceful noblewoman in her fifties). Setting: Joseon mansion kitchen with iron cauldrons, clay stove, firewood, steam. Korean animation style, soft cel shading, clean line art, warm muted colors, Joseon dynasty 1730s, no text",여인은 얼른 몸을 일으켜 부엌 바닥에 이마가 닿도록 절을 했습니다 눈 속,여인은 얼른 몸을 일으켜 부엌 바닥에 이마가 닿도록 절을 했습니다 눈 속에서 반쯤 얼어 있던 사람이라고는 믿기지 않을 만큼 반듯한 절이었지요,"달래,대감마님",kitchen,"Korean animation style, soft cel shading, clean line art, warm muted colors, Joseon dynasty 1730s",scene,13.610,432.820,446.430,S003
"the lady of the house speaking kindly, snow falling outside the kitchen door. Characters: Dallae (young seamstress in faded white jeogori), the lady of the house (graceful noblewoman in her fifties). Setting: Joseon mansion kitchen with iron cauldrons, clay stove, firewood, steam. Korean animation style, soft cel shading, clean line art, warm muted colors, Joseon dynasty 1730s, no text","대감 마님은 한참 여인을 바라보다가 짧게 일렀습니다 ""봄이 올 때까지만이","대감 마님은 한참 여인을 바라보다가 짧게 일렀습니다 ""봄이 올 때까지만이라도 몸을 추스르게 하거라. 이 추위에 내보낼 수야 없지.""","달래,대감마님",kitchen,"Korean animation style, soft cel shading, clean line art, warm muted colors, Joseon dynasty 1730s",dialogue,13.880,446.430,460.310,S003
"Dallae lying down in a small corner room of the servants' quarters, winter night. Characters: Dallae (young seamstress in faded white jeogori). Setting: simple servants' quarters room with plain walls and a small window. Korean animation style, soft cel shading, clean line art, warm muted colors, Joseon dynasty 1730s, no text",그렇게 달래는 이 집 행랑 한구석에 몸을 누일 자리를 얻었습니다,그렇게 달래는 이 집 행랑 한구석에 몸을 누일 자리를 얻었습니다,달래,servant_room,"Korean animation style, soft cel shading, clean line art, warm muted colors, Joseon dynasty 1730s",scene,6.110,460.310,466.420,S003
"the lady handing a sewing task to Dallae in the sewing room. Characters: Dallae (young seamstress in faded white jeogori), the lady of the house (graceful noblewoman in her fifties). Setting: small Joseon sewing room with sewing basket, colorful threads, fabrics, paper doors, soft daylight. Korean animation style, soft cel shading, clean line art, warm muted colors, Joseon dynasty 1730s, no text",마침 그 집 침방에는 일손이 모자랐습니다 대감 마님은 달래에게 바느질감을,마침 그 집 침방에는 일손이 모자랐습니다 대감 마님은 달래에게 바느질감을 한번 맡겨 보라 일렀지요,"달래,대감마님",chimbang,"Korean animation style, soft cel shading, clean line art, warm muted colors, Joseon dynasty 1730s",scene,10.210,466.420,476.630,S004
"stout Sundeok-eomeom standing with arms crossed in the sewing room, owner of the place. Characters: Sundeok-eomeom (stout kitchen woman in apron). Setting: small Joseon sewing room with sewing basket, colorful threads, fabrics, paper doors, soft daylight. Korean animation style, soft cel shading, clean line art, warm muted colors, Joseon dynasty 1730s, no text",침방의 터줏대감은 찬모 순덕어멈이었어요,침방의 터줏대감은 찬모 순덕어멈이었어요,순덕어멈,chimbang,"Korean animation style, soft cel shading, clean line art, warm muted colors, Joseon dynasty 1730s",scene,4.440,476.630,481.070,S004
"Sundeok-eomeom glaring sideways at the new young woman. Characters: Sundeok-eomeom (stout kitchen woman in apron), Dallae (young seamstress in faded white jeogori). Setting: small Joseon sewing room with sewing basket, colorful threads, fabrics, paper doors, soft daylight. Korean animation style, soft cel shading, clean line art, warm muted colors, Joseon dynasty 1730s, no text","부엌과 침방을 오가며 이십 년을 이 집에서 산 순덕어멈은, 굴러 들어온 ","부엌과 침방을 오가며 이십 년을 이 집에서 산 순덕어멈은, 굴러 들어온 젊은 여인이 영 탐탁지 않았습니다","순덕어멈,달래",chimbang,"Korean animation style, soft cel shading, clean line art, warm muted colors, Joseon dynasty 1730s",reaction,10.380,481.070,491.450,S004
"Sundeok-eomeom tossing a pile of worn-out socks in front of Dallae. Characters: Sundeok-eomeom (stout kitchen woman in apron), Dallae (young seamstress in faded white jeogori). Setting: small Joseon sewing room with sewing basket, colorful threads, fabrics, paper doors, soft daylight. Korean animation style, soft cel shading, clean line art, warm muted colors, Joseon dynasty 1730s, no text","""말도 못 하는 것이 바늘이나 제대로 쥐겠어?"" 순덕어멈은 해진 버선 한","""말도 못 하는 것이 바늘이나 제대로 쥐겠어?"" 순덕어멈은 해진 버선 한 무더기를 달래 앞에 던져 주었습니다 가장 귀찮고 볼품없는 일이었지요","순덕어멈,달래",chimbang,"Korean animation style, soft cel shading, clean line art, warm muted colors, Joseon dynasty 1730s",dialogue,13.260,491.450,504.710,S004
"Dallae quietly mending socks until sunset, head bowed. Characters: Dallae (young seamstress in faded white jeogori). Setting: small Joseon sewing room with sewing basket, colorful threads, fabrics, paper doors, soft daylight. Korean animation style, soft cel shading, clean line art, warm muted colors, Joseon dynasty 1730s, no text",달래는 아무 말 없이 버선을 집어 들었어요 그러고는 해가 기울 때까지 고,달래는 아무 말 없이 버선을 집어 들었어요 그러고는 해가 기울 때까지 고개 한 번 들지 않았습니다,달래,chimbang,"Korean animation style, soft cel shading, clean line art, warm muted colors, Joseon dynasty 1730s",scene,9.850,504.710,514.560,S004
"the lady turning a mended sock inside out, eyes widening. Characters: the lady of the house (graceful noblewoman in her fifties). Setting: small Joseon sewing room with sewing basket, colorful threads, fabrics, paper doors, soft daylight. Korean animation style, soft cel shading, clean line art, warm muted colors, Joseon dynasty 1730s, no text",저녁 무렵 버선을 살피러 온 대감 마님이 버선 한 짝을 뒤집어 보더니 눈,저녁 무렵 버선을 살피러 온 대감 마님이 버선 한 짝을 뒤집어 보더니 눈이 둥그레졌습니다,대감마님,chimbang,"Korean animation style, soft cel shading, clean line art, warm muted colors, Joseon dynasty 1730s",scene,8.540,514.560,523.100,S004
"close-up of an invisible slip stitch hiding the thread inside the fabric. Setting: small Joseon sewing room with sewing basket, colorful threads, fabrics, paper doors, soft daylight. Korean animation style, soft cel shading, clean line art, warm muted colors, Joseon dynasty 1730s, no text",해진 자리를 기운 땀이 겉에서는 하나도 보이지 않았던 겁니다 안쪽으로만 ,해진 자리를 기운 땀이 겉에서는 하나도 보이지 않았던 겁니다 안쪽으로만 실을 숨겨 꿰매는 공그르기였지요,,chimbang,"Korean animation style, soft cel shading, clean line art, warm muted colors, Joseon dynasty 1730s",scene,10.270,523.100,533.370,S004
"Dallae adding charcoal to a brazier before dawn, burying an iron in the ashes. Characters: Dallae (young seamstress in faded white jeogori). Setting: small Joseon sewing room at dawn, pale blue light through paper window, lamp burning low. Korean animation style, soft cel shading, clean line art, warm muted colors, Joseon dynasty 1730s, no text",침방의 하루는 새벽 화로에서 시작되었어요 달래는 식구들보다 먼저 일어나 ,"침방의 하루는 새벽 화로에서 시작되었어요 달래는 식구들보다 먼저 일어나 화로에 숯을 넣고, 잿더미 속에 인두를 묻어 달구었습니다",달래,chimbang_dawn,"Korean animation style, soft cel shading, clean line art, warm muted colors, Joseon dynasty 1730s",scene,12.380,533.370,545.750,S004
"steam rising as the hot iron presses damp fabric. Characters: Dallae (young seamstress in faded white jeogori). Setting: small Joseon sewing room at dawn, pale blue light through paper window, lamp burning low. Korean animation style, soft cel shading, clean line art, warm muted colors, Joseon dynasty 1730s, no text",인두가 달아오르면 옷감에 뿌린 물이 치익 소리를 내며 하얀 김으로 피어올,인두가 달아오르면 옷감에 뿌린 물이 치익 소리를 내며 하얀 김으로 피어올랐지요 해가 뜨면 마당 한쪽에서 다듬이 소리가 울렸습니다,달래,chimbang_dawn,"Korean animation style, soft cel shading, clean line art, warm muted colors, Joseon dynasty 1730s",scene,12.670,545.750,558.420,S004
"Dallae and Sundeok-eomeom facing each other beating cloth on a fulling stone with wooden clubs. Characters: Dallae (young seamstress in faded white jeogori), Sundeok-eomeom (stout kitchen woman in apron). Setting: stone-paved courtyard of a Joseon noble mansion, wooden pillars, tiled roofs, daylight. Korean animation style, soft cel shading, clean line art, warm muted colors, Joseon dynasty 1730s, no text","순덕어멈과 달래가 다듬잇돌을 사이에 두고 마주 앉으면, 또닥또닥 방망이 ","순덕어멈과 달래가 다듬잇돌을 사이에 두고 마주 앉으면, 또닥또닥 방망이 소리가 처음에는 어긋나다가도 어느새 한 박자로 맞아 들어갔어요","달래,순덕어멈",courtyard,"Korean animation style, soft cel shading, clean line art, warm muted colors, Joseon dynasty 1730s",scene,12.170,558.420,570.590,S004
"the two women beating cloth in rhythm without a word, the lady admiring nearby. Characters: Dallae (young seamstress in faded white jeogori), Sundeok-eomeom (stout kitchen woman in apron). Setting: stone-paved courtyard of a Joseon noble mansion, wooden pillars, tiled roofs, daylight. Korean animation style, soft cel shading, clean line art, warm muted colors, Joseon dynasty 1730s, no text","말 한마디 섞지 않는 두 사람이, 방망이 소리로만 이야기를 나누는 것 같","말 한마디 섞지 않는 두 사람이, 방망이 소리로만 이야기를 나누는 것 같았지요 ""아니, 이 솜씨가 어디서 났을꼬.""","달래,순덕어멈",courtyard,"Korean animation style, soft cel shading, clean line art, warm muted colors, Joseon dynasty 1730s",scene,11.060,570.590,581.650,S004
"beautiful silk fabrics passed into Dallae's hands while Sundeok-eomeom watches jealously. Characters: Dallae (young seamstress in faded white jeogori), Sundeok-eomeom (stout kitchen woman in apron). Setting: small Joseon sewing room with sewing basket, colorful threads, fabrics, paper doors, soft daylight. Korean animation style, soft cel shading, clean line art, warm muted colors, Joseon dynasty 1730s, no text",그날 이후 대감댁의 고운 옷감은 하나둘 달래의 손으로 넘어갔습니다 그리고,"그날 이후 대감댁의 고운 옷감은 하나둘 달래의 손으로 넘어갔습니다 그리고 딱 그만큼, 순덕어멈의 눈초리는 날카로워졌어요","달래,순덕어멈",chimbang,"Korean animation style, soft cel shading, clean line art, warm muted colors, Joseon dynasty 1730s",scene,12.400,581.650,594.050,S004
"an empty shelf where a bolt of silk used to be, spring light. Setting: small Joseon sewing room with sewing basket, colorful threads, fabrics, paper doors, soft daylight. Korean animation style, soft cel shading, clean line art, warm muted colors, Joseon dynasty 1730s, no text",달래가 침방에 자리 잡은 지 석 달쯤 지났을 때였습니다 봄옷을 지으려고 ,달래가 침방에 자리 잡은 지 석 달쯤 지났을 때였습니다 봄옷을 지으려고 들여놓은 명주 한 필이 감쪽같이 사라졌어요,,chimbang,"Korean animation style, soft cel shading, clean line art, warm muted colors, Joseon dynasty 1730s",scene,11.490,594.050,605.540,S005
"commotion in the sewing room, Sundeok-eomeom pointing at Dallae. Characters: Sundeok-eomeom (stout kitchen woman in apron), Dallae (young seamstress in faded white jeogori). Setting: small Joseon sewing room with sewing basket, colorful threads, fabrics, paper doors, soft daylight. Korean animation style, soft cel shading, clean line art, warm muted colors, Joseon dynasty 1730s, no text",침방이 발칵 뒤집혔습니다 순덕어멈이 제일 먼저 달래를 가리켰지요,침방이 발칵 뒤집혔습니다 순덕어멈이 제일 먼저 달래를 가리켰지요,"순덕어멈,달래",chimbang,"Korean animation style, soft cel shading, clean line art, warm muted colors, Joseon dynasty 1730s",scene,7.490,605.540,613.030,S005
"Sundeok-eomeom accusing loudly, all eyes turning to Dallae. Characters: Sundeok-eomeom (stout kitchen woman in apron), Dallae (young seamstress in faded white jeogori). Setting: small Joseon sewing room with sewing basket, colorful threads, fabrics, paper doors, soft daylight. Korean animation style, soft cel shading, clean line art, warm muted colors, Joseon dynasty 1730s, no text","""어제 저녁 침방에 마지막까지 남아 있던 게 저것이에요. 굴러온 돌이 박","""어제 저녁 침방에 마지막까지 남아 있던 게 저것이에요. 굴러온 돌이 박힌 돌 뺀다더니, 딱 그 짝이네."" 사람들의 눈이 모두 달래에게 쏠렸습니다","순덕어멈,달래",chimbang,"Korean animation style, soft cel shading, clean line art, warm muted colors, Joseon dynasty 1730s",dialogue,13.810,613.030,626.840,S005
"Dallae kneeling and shaking her head, close-up of her hands clutching her skirt. Characters: Dallae (young seamstress in faded white jeogori). Setting: small Joseon sewing room with sewing basket, colorful threads, fabrics, paper doors, soft daylight. Korean animation style, soft cel shading, clean line art, warm muted colors, Joseon dynasty 1730s, no text",달래는 무릎을 꿇은 채 고개만 저었어요 말을 할 수 없으니 변명도 할 수,달래는 무릎을 꿇은 채 고개만 저었어요 말을 할 수 없으니 변명도 할 수 없었습니다 달래의 손끝이 치마폭을 꼭 움켜쥐었지요,달래,chimbang,"Korean animation style, soft cel shading, clean line art, warm muted colors, Joseon dynasty 1730s",reaction,13.380,626.840,640.220,S005
"Lord Shim arriving and ordering Steward No to check the ledger. Characters: Lord Shim (elderly nobleman with white beard), Steward No (bent old steward in brown robe). Setting: small Joseon sewing room with sewing basket, colorful threads, fabrics, paper doors, soft daylight. Korean animation style, soft cel shading, clean line art, warm muted colors, Joseon dynasty 1730s, no text",소란을 듣고 대감이 사랑채에서 건너왔습니다 대감은 노 청지기를 불러 물었,"소란을 듣고 대감이 사랑채에서 건너왔습니다 대감은 노 청지기를 불러 물었어요 ""명주가 들어온 날과 필 수를 장부에서 찾아보게.""","심대감,노청지기",chimbang,"Korean animation style, soft cel shading, clean line art, warm muted colors, Joseon dynasty 1730s",dialogue,12.970,640.220,653.190,S005
"Steward No opening a thick ledger, finger on a line. Characters: Steward No (bent old steward in brown robe). Setting: small Joseon sewing room with sewing basket, colorful threads, fabrics, paper doors, soft daylight. Korean animation style, soft cel shading, clean line art, warm muted colors, Joseon dynasty 1730s, no text",노 청지기가 장부를 펼쳤습니다 명주 두 필이 들어왔다고 적혀 있었어요 한,"노 청지기가 장부를 펼쳤습니다 명주 두 필이 들어왔다고 적혀 있었어요 한 필은 침방에 있으니, 한 필이 없어졌다는 겁니다",노청지기,chimbang,"Korean animation style, soft cel shading, clean line art, warm muted colors, Joseon dynasty 1730s",scene,12.370,653.190,665.560,S005
"the gatekeeper timidly handing a paper note to Lord Shim. Characters: Lord Shim (elderly nobleman with white beard). Setting: small Joseon sewing room with sewing basket, colorful threads, fabrics, paper doors, soft daylight. Korean animation style, soft cel shading, clean line art, warm muted colors, Joseon dynasty 1730s, no text","그때 행랑아범이 쭈뼛거리며 종이 한 장을 내밀었습니다 ""저, 대감마님. ","그때 행랑아범이 쭈뼛거리며 종이 한 장을 내밀었습니다 ""저, 대감마님. 오늘 아침 포목전에서 이 쪽지를 보내왔습니다요.""",심대감,chimbang,"Korean animation style, soft cel shading, clean line art, warm muted colors, Joseon dynasty 1730s",scene,13.530,665.560,679.090,S005
"close-up of a merchant's delivery note from a fabric shop. Setting: small Joseon sewing room with sewing basket, colorful threads, fabrics, paper doors, soft daylight. Korean animation style, soft cel shading, clean line art, warm muted colors, Joseon dynasty 1730s, no text",포목전에서 보내온 거래 쪽지였어요 거기에는 명주를 한 필만 보냈다고 또렷,포목전에서 보내온 거래 쪽지였어요 거기에는 명주를 한 필만 보냈다고 또렷이 적혀 있었습니다 애초에 두 필이 들어온 적이 없었던 거지요,,chimbang,"Korean animation style, soft cel shading, clean line art, warm muted colors, Joseon dynasty 1730s",scene,13.470,679.090,692.560,S005
"Steward No touching his forehead and bowing apologetically with a gentle smile. Characters: Steward No (bent old steward in brown robe). Setting: small Joseon sewing room with sewing basket, colorful threads, fabrics, paper doors, soft daylight. Korean animation style, soft cel shading, clean line art, warm muted colors, Joseon dynasty 1730s, no text","노 청지기가 이마를 짚으며 허리를 굽혔습니다 ""아이고, 제가 잘못 적었나","노 청지기가 이마를 짚으며 허리를 굽혔습니다 ""아이고, 제가 잘못 적었나 봅니다. 나이가 들어 눈이 어두워진 모양입니다.""",노청지기,chimbang,"Korean animation style, soft cel shading, clean line art, warm muted colors, Joseon dynasty 1730s",dialogue,12.000,692.560,704.560,S005
"Lord Shim laughing it off as servants disperse. Characters: Lord Shim (elderly nobleman with white beard). Setting: small Joseon sewing room with sewing basket, colorful threads, fabrics, paper doors, soft daylight. Korean animation style, soft cel shading, clean line art, warm muted colors, Joseon dynasty 1730s, no text",대감은 허허 웃고 넘어갔습니다 삼십 년 충복의 작은 실수였으니까요 식구들,대감은 허허 웃고 넘어갔습니다 삼십 년 충복의 작은 실수였으니까요 식구들도 하나둘 흩어졌지요,심대감,chimbang,"Korean animation style, soft cel shading, clean line art, warm muted colors, Joseon dynasty 1730s",scene,10.680,704.560,715.240,S005
"Dallae alone watching Steward No walk away with a thick ledger under his arm. Characters: Dallae (young seamstress in faded white jeogori), Steward No (bent old steward in brown robe). Setting: small Joseon sewing room with sewing basket, colorful threads, fabrics, paper doors, soft daylight. Korean animation style, soft cel shading, clean line art, warm muted colors, Joseon dynasty 1730s, no text","달래만이 그 자리에 남아, 노 청지기가 옆구리에 끼고 가는 두툼한 장부를","달래만이 그 자리에 남아, 노 청지기가 옆구리에 끼고 가는 두툼한 장부를 한참 바라보고 있었습니다 장부라는 것도 틀릴 수가 있구나","달래,노청지기",chimbang,"Korean animation style, soft cel shading, clean line art, warm muted colors, Joseon dynasty 1730s",scene,12.140,715.240,727.380,S005
"close-up of Dallae's thoughtful eyes. Characters: Dallae (young seamstress in faded white jeogori). Setting: small Joseon sewing room with sewing basket, colorful threads, fabrics, paper doors, soft daylight. Korean animation style, soft cel shading, clean line art, warm muted colors, Joseon dynasty 1730s, no text",달래의 눈빛은 그렇게 말하고 있었어요,달래의 눈빛은 그렇게 말하고 있었어요,달래,chimbang,"Korean animation style, soft cel shading, clean line art, warm muted colors, Joseon dynasty 1730s",reaction,3.920,727.380,731.300,S005
"Dallae untying a small cloth bundle in her corner at night. Characters: Dallae (young seamstress in faded white jeogori). Setting: small Joseon sewing room at night lit by a single oil lamp, fabrics and threads. Korean animation style, soft cel shading, clean line art, warm muted colors, Joseon dynasty 1730s, no text","그날 밤이었습니다 식구들이 모두 잠든 뒤, 달래는 침방 구석 제 자리에서","그날 밤이었습니다 식구들이 모두 잠든 뒤, 달래는 침방 구석 제 자리에서 작은 보따리를 풀었어요",달래,chimbang_night,"Korean animation style, soft cel shading, clean line art, warm muted colors, Joseon dynasty 1730s",scene,9.770,731.300,741.070,S006
"Dallae unfolding a yellowed letter under a lowered lamp. Characters: Dallae (young seamstress in faded white jeogori). Setting: small Joseon sewing room at night lit by a single oil lamp, fabrics and threads. Korean animation style, soft cel shading, clean line art, warm muted colors, Joseon dynasty 1730s, no text",보따리 안에는 누렇게 바랜 편지 한 통이 있었습니다 달래는 등잔불을 한껏,보따리 안에는 누렇게 바랜 편지 한 통이 있었습니다 달래는 등잔불을 한껏 낮추고 편지를 펼쳤지요,달래,chimbang_night,"Korean animation style, soft cel shading, clean line art, warm muted colors, Joseon dynasty 1730s",scene,9.880,741.070,750.950,S006
"close-up of elegant brush calligraphy with water stains, her finger tracing the letters. Characters: Dallae (young seamstress in faded white jeogori). Setting: small Joseon sewing room at night lit by a single oil lamp, fabrics and threads. Korean animation style, soft cel shading, clean line art, warm muted colors, Joseon dynasty 1730s, no text","물에 젖었다 마른 듯 군데군데 번진 자국 사이로, 단정한 붓글씨가 이어져","물에 젖었다 마른 듯 군데군데 번진 자국 사이로, 단정한 붓글씨가 이어져 있었습니다 달래는 그 글씨를 손가락으로 한 자 한 자 따라 짚었어요",달래,chimbang_night,"Korean animation style, soft cel shading, clean line art, warm muted colors, Joseon dynasty 1730s",scene,13.820,750.950,764.770,S006
"Dallae whispering softly, lips barely moving. Characters: Dallae (young seamstress in faded white jeogori). Setting: small Joseon sewing room at night lit by a single oil lamp, fabrics and threads. Korean animation style, soft cel shading, clean line art, warm muted colors, Joseon dynasty 1730s, no text","그러다 입술이 달싹였습니다 ""아버님."" 바람 소리보다도 작은 목소리였습니","그러다 입술이 달싹였습니다 ""아버님."" 바람 소리보다도 작은 목소리였습니다 하지만 분명한 사람의 말이었지요",달래,chimbang_night,"Korean animation style, soft cel shading, clean line art, warm muted colors, Joseon dynasty 1730s",reaction,13.000,764.770,777.770,S006
"Dallae covering her mouth in surprise, glancing at the door. Characters: Dallae (young seamstress in faded white jeogori). Setting: small Joseon sewing room at night lit by a single oil lamp, fabrics and threads. Korean animation style, soft cel shading, clean line art, warm muted colors, Joseon dynasty 1730s, no text",달래는 제 입에서 나온 소리에 놀란 듯 얼른 손으로 입을 막았습니다 문밖,달래는 제 입에서 나온 소리에 놀란 듯 얼른 손으로 입을 막았습니다 문밖을 한참 살핀 뒤에야 편지를 다시 접어 보따리 가장 깊은 곳에 넣었어요,달래,chimbang_night,"Korean animation style, soft cel shading, clean line art, warm muted colors, Joseon dynasty 1730s",scene,13.410,777.770,791.180,S006
"contents of the bundle laid out on the floor. Setting: small Joseon sewing room at night lit by a single oil lamp, fabrics and threads. Korean animation style, soft cel shading, clean line art, warm muted colors, Joseon dynasty 1730s, no text",보따리 안에는 편지 말고도 몇 가지가 더 있었습니다,보따리 안에는 편지 말고도 몇 가지가 더 있었습니다,,chimbang_night,"Korean animation style, soft cel shading, clean line art, warm muted colors, Joseon dynasty 1730s",scene,5.260,791.180,796.440,S006
"close-up of a worn silver thimble, a needle case, and a small ink-stained brush. Setting: small Joseon sewing room at night lit by a single oil lamp, fabrics and threads. Korean animation style, soft cel shading, clean line art, warm muted colors, Joseon dynasty 1730s, no text","끝이 닳은 은골무 하나, 손때 묻은 바늘쌈 하나, 그리고 먹물이 스며 누","끝이 닳은 은골무 하나, 손때 묻은 바늘쌈 하나, 그리고 먹물이 스며 누렇게 변한 작은 붓 한 자루였지요",,chimbang_night,"Korean animation style, soft cel shading, clean line art, warm muted colors, Joseon dynasty 1730s",scene,9.540,796.440,805.980,S006
"Dallae touching the brush then pushing it deep under other items. Characters: Dallae (young seamstress in faded white jeogori). Setting: small Joseon sewing room at night lit by a single oil lamp, fabrics and threads. Korean animation style, soft cel shading, clean line art, warm muted colors, Joseon dynasty 1730s, no text",침모의 보따리에 붓이 들어 있을 까닭은 없었습니다 달래는 그 붓을 한 번,"침모의 보따리에 붓이 들어 있을 까닭은 없었습니다 달래는 그 붓을 한 번 손끝으로 쓸어 보고는, 다른 물건들 밑으로 깊이 밀어 넣었어요",달래,chimbang_night,"Korean animation style, soft cel shading, clean line art, warm muted colors, Joseon dynasty 1730s",scene,12.610,805.980,818.590,S006
"Dallae sitting silently in the dark, lips closed, lamp dimming. Characters: Dallae (young seamstress in faded white jeogori). Setting: small Joseon sewing room at night lit by a single oil lamp, fabrics and threads. Korean animation style, soft cel shading, clean line art, warm muted colors, Joseon dynasty 1730s, no text",이 여인은 말을 할 수 있었습니다 그런데도 이 집에 온 뒤로 한 번도 입,"이 여인은 말을 할 수 있었습니다 그런데도 이 집에 온 뒤로 한 번도 입을 열지 않았지요 아니, 이 집에 오기 훨씬 전부터 그러했습니다",달래,chimbang_night,"Korean animation style, soft cel shading, clean line art, warm muted colors, Joseon dynasty 1730s",narration,13.710,818.590,832.300,S006
"silhouette of Dallae by the paper window, mysterious. Characters: Dallae (young seamstress in faded white jeogori). Setting: small Joseon sewing room at night lit by a single oil lamp, fabrics and threads. Korean animation style, soft cel shading, clean line art, warm muted colors, Joseon dynasty 1730s, no text",대체 무엇이 이 여인의 입을 그토록 단단히 잠가 놓았을까요 그 까닭은 한,대체 무엇이 이 여인의 입을 그토록 단단히 잠가 놓았을까요 그 까닭은 한참 뒤에야 밝혀지게 됩니다,달래,chimbang_night,"Korean animation style, soft cel shading, clean line art, warm muted colors, Joseon dynasty 1730s",narration,10.230,832.300,842.530,S006
"little Juni peeking into the sewing room from the doorway. Characters: Juni (7-year-old noble boy with red ribbon). Setting: small Joseon sewing room with sewing basket, colorful threads, fabrics, paper doors, soft daylight. Korean animation style, soft cel shading, clean line art, warm muted colors, Joseon dynasty 1730s, no text",그 집에서 달래를 처음으로 반긴 이는 뜻밖에도 어린 도련님 준이였습니다,그 집에서 달래를 처음으로 반긴 이는 뜻밖에도 어린 도련님 준이였습니다,준이,chimbang,"Korean animation style, soft cel shading, clean line art, warm muted colors, Joseon dynasty 1730s",scene,7.080,842.530,849.610,S007
"Juni sneaking in toward a sewing basket full of colorful threads. Characters: Juni (7-year-old noble boy with red ribbon), Dallae (young seamstress in faded white jeogori). Setting: small Joseon sewing room with sewing basket, colorful threads, fabrics, paper doors, soft daylight. Korean animation style, soft cel shading, clean line art, warm muted colors, Joseon dynasty 1730s, no text",준이는 할아버지가 사랑채에서 손님을 맞는 동안 곧잘 침방으로 숨어들었어요,준이는 할아버지가 사랑채에서 손님을 맞는 동안 곧잘 침방으로 숨어들었어요 알록달록한 색실이 가득한 반짇고리가 신기했던 겁니다,"준이,달래",chimbang,"Korean animation style, soft cel shading, clean line art, warm muted colors, Joseon dynasty 1730s",scene,12.870,849.610,862.480,S007
"Juni holding up threads, Dallae pointing at the sky and grass outside. Characters: Juni (7-year-old noble boy with red ribbon), Dallae (young seamstress in faded white jeogori). Setting: small Joseon sewing room with sewing basket, colorful threads, fabrics, paper doors, soft daylight. Korean animation style, soft cel shading, clean line art, warm muted colors, Joseon dynasty 1730s, no text","""이건 무슨 색이야? 이건?"" 준이가 색실을 하나씩 집어 들 때마다 달래","""이건 무슨 색이야? 이건?"" 준이가 색실을 하나씩 집어 들 때마다 달래는 손가락으로 하늘을 가리키고, 마당의 풀잎을 가리키고, 제 볼을 가리켰어요","준이,달래",chimbang,"Korean animation style, soft cel shading, clean line art, warm muted colors, Joseon dynasty 1730s",scene,13.700,862.480,876.180,S007
"Juni laughing, lying with his head on Dallae's lap. Characters: Juni (7-year-old noble boy with red ribbon), Dallae (young seamstress in faded white jeogori). Setting: small Joseon sewing room with sewing basket, colorful threads, fabrics, paper doors, soft daylight. Korean animation style, soft cel shading, clean line art, warm muted colors, Joseon dynasty 1730s, no text","하늘색, 풀색, 볼그레한 복숭아색 준이는 그게 재미있어 까르르 웃었지요 ","하늘색, 풀색, 볼그레한 복숭아색 준이는 그게 재미있어 까르르 웃었지요 어느 날은 준이가 달래 무릎에 머리를 베고 누워 물었습니다","준이,달래",chimbang,"Korean animation style, soft cel shading, clean line art, warm muted colors, Joseon dynasty 1730s",scene,13.790,876.180,889.970,S007
"Juni looking up asking, Dallae's needle pausing, she nods twice. Characters: Juni (7-year-old noble boy with red ribbon), Dallae (young seamstress in faded white jeogori). Setting: small Joseon sewing room with sewing basket, colorful threads, fabrics, paper doors, soft daylight. Korean animation style, soft cel shading, clean line art, warm muted colors, Joseon dynasty 1730s, no text","""달래도 어머니 없어?"" 달래의 바늘이 잠시 멈췄어요 달래는 고개를 끄덕","""달래도 어머니 없어?"" 달래의 바늘이 잠시 멈췄어요 달래는 고개를 끄덕였습니다 그리고 한 번 더 끄덕였지요","준이,달래",chimbang,"Korean animation style, soft cel shading, clean line art, warm muted colors, Joseon dynasty 1730s",dialogue,11.710,889.970,901.680,S007
"Juni squeezing Dallae's finger with a small smile. Characters: Juni (7-year-old noble boy with red ribbon), Dallae (young seamstress in faded white jeogori). Setting: small Joseon sewing room with sewing basket, colorful threads, fabrics, paper doors, soft daylight. Korean animation style, soft cel shading, clean line art, warm muted colors, Joseon dynasty 1730s, no text","아버지도 없다는 뜻이었습니다 준이가 달래의 손가락을 꼭 쥐었어요 ""나도 ","아버지도 없다는 뜻이었습니다 준이가 달래의 손가락을 꼭 쥐었어요 ""나도 그래. 그럼 우리 똑같네.""","준이,달래",chimbang,"Korean animation style, soft cel shading, clean line art, warm muted colors, Joseon dynasty 1730s",scene,11.440,901.680,913.120,S007
"Juni offering half a dried persimmon to Dallae. Characters: Juni (7-year-old noble boy with red ribbon), Dallae (young seamstress in faded white jeogori). Setting: small Joseon sewing room with sewing basket, colorful threads, fabrics, paper doors, soft daylight. Korean animation style, soft cel shading, clean line art, warm muted colors, Joseon dynasty 1730s, no text",그 뒤로 준이는 침방에 올 때마다 무언가를 하나씩 들고 왔습니다 어떤 날,"그 뒤로 준이는 침방에 올 때마다 무언가를 하나씩 들고 왔습니다 어떤 날은 제 몫으로 받은 곶감 반쪽을,","준이,달래",chimbang,"Korean animation style, soft cel shading, clean line art, warm muted colors, Joseon dynasty 1730s",scene,9.710,913.120,922.830,S007
"a smooth pebble placed on Dallae's palm, small treasures lined up in her basket. Characters: Juni (7-year-old noble boy with red ribbon), Dallae (young seamstress in faded white jeogori). Setting: small Joseon sewing room with sewing basket, colorful threads, fabrics, paper doors, soft daylight. Korean animation style, soft cel shading, clean line art, warm muted colors, Joseon dynasty 1730s, no text",어떤 날은 마당에서 주운 매끈한 조약돌을 달래 손바닥에 올려놓았지요 달래,어떤 날은 마당에서 주운 매끈한 조약돌을 달래 손바닥에 올려놓았지요 달래는 그것들을 반짇고리 한쪽에 가지런히 모아 두었어요,"준이,달래",chimbang,"Korean animation style, soft cel shading, clean line art, warm muted colors, Joseon dynasty 1730s",scene,12.790,922.830,935.620,S007
"Juni proudly wiping his nose, grinning at his gifts in the basket. Characters: Juni (7-year-old noble boy with red ribbon). Setting: small Joseon sewing room with sewing basket, colorful threads, fabrics, paper doors, soft daylight. Korean animation style, soft cel shading, clean line art, warm muted colors, Joseon dynasty 1730s, no text",준이는 제가 준 것들이 거기 그대로 있는 걸 확인할 때마다 뿌듯한 얼굴로,준이는 제가 준 것들이 거기 그대로 있는 걸 확인할 때마다 뿌듯한 얼굴로 코를 훔쳤습니다,준이,chimbang,"Korean animation style, soft cel shading, clean line art, warm muted colors, Joseon dynasty 1730s",reaction,8.590,935.620,944.210,S007
"sunset light through the window overlapping the two shadows into one. Characters: Juni (7-year-old noble boy with red ribbon), Dallae (young seamstress in faded white jeogori). Setting: small Joseon sewing room with warm sunset light through the window. Korean animation style, soft cel shading, clean line art, warm muted colors, Joseon dynasty 1730s, no text",달래는 대답 대신 준이의 머리칼을 천천히 쓸어 넘겼습니다 창으로 저녁 햇,달래는 대답 대신 준이의 머리칼을 천천히 쓸어 넘겼습니다 창으로 저녁 햇살이 비껴 들어 두 사람의 그림자를 하나로 겹쳐 놓았지요,"준이,달래",chimbang_sunset,"Korean animation style, soft cel shading, clean line art, warm muted colors, Joseon dynasty 1730s",scene,12.340,944.210,956.550,S007
"summer, the lady handing indigo silk for a new robe to Dallae. Characters: Dallae (young seamstress in faded white jeogori), the lady of the house (graceful noblewoman in her fifties). Setting: small Joseon sewing room with sewing basket, colorful threads, fabrics, paper doors, soft daylight. Korean animation style, soft cel shading, clean line art, warm muted colors, Joseon dynasty 1730s, no text","그해 여름, 대감의 새 도포를 지을 일이 생겼습니다 대감 마님은 망설임 ","그해 여름, 대감의 새 도포를 지을 일이 생겼습니다 대감 마님은 망설임 없이 그 일을 달래에게 맡겼어요","달래,대감마님",chimbang,"Korean animation style, soft cel shading, clean line art, warm muted colors, Joseon dynasty 1730s",scene,10.340,956.550,966.890,S008
"Lord Shim turning over the sleeve of a new robe. Characters: Lord Shim (elderly nobleman with white beard). Setting: Joseon nobleman's study with desk, inkstone, cabinets, ledgers, paper doors, daylight. Korean animation style, soft cel shading, clean line art, warm muted colors, Joseon dynasty 1730s, no text",며칠 뒤 완성된 도포를 받아 든 대감은 소매 끝을 뒤집어 보다가 손을 멈,며칠 뒤 완성된 도포를 받아 든 대감은 소매 끝을 뒤집어 보다가 손을 멈췄습니다,심대감,sarangchae,"Korean animation style, soft cel shading, clean line art, warm muted colors, Joseon dynasty 1730s",scene,8.190,966.890,975.080,S008
"close-up of perfectly even stitches like brush strokes, Lord Shim impressed. Characters: Lord Shim (elderly nobleman with white beard). Setting: Joseon nobleman's study with desk, inkstone, cabinets, ledgers, paper doors, daylight. Korean animation style, soft cel shading, clean line art, warm muted colors, Joseon dynasty 1730s, no text","땀과 땀 사이가 자로 잰 듯 고르고, 끝을 여민 자리가 붓끝을 거둔 획처","땀과 땀 사이가 자로 잰 듯 고르고, 끝을 여민 자리가 붓끝을 거둔 획처럼 단정했거든요 ""이건 바늘땀이 아니라 붓글씨로구나.""",심대감,sarangchae,"Korean animation style, soft cel shading, clean line art, warm muted colors, Joseon dynasty 1730s",dialogue,12.450,975.080,987.530,S008
"Lord Shim looking down at Dallae who bows her head silently. Characters: Lord Shim (elderly nobleman with white beard), Dallae (young seamstress in faded white jeogori). Setting: Joseon nobleman's study with desk, inkstone, cabinets, ledgers, paper doors, daylight. Korean animation style, soft cel shading, clean line art, warm muted colors, Joseon dynasty 1730s, no text","대감은 도포를 가져온 달래를 찬찬히 내려다보았습니다 ""너, 어디서 이런 ","대감은 도포를 가져온 달래를 찬찬히 내려다보았습니다 ""너, 어디서 이런 솜씨를 배웠느냐?"" 달래는 고개를 숙인 채 가만히 있었어요","심대감,달래",sarangchae,"Korean animation style, soft cel shading, clean line art, warm muted colors, Joseon dynasty 1730s",dialogue,13.570,987.530,1001.100,S008
"Steward No smiling and speaking beside Lord Shim. Characters: Steward No (bent old steward in brown robe), Lord Shim (elderly nobleman with white beard). Setting: Joseon nobleman's study with desk, inkstone, cabinets, ledgers, paper doors, daylight. Korean animation style, soft cel shading, clean line art, warm muted colors, Joseon dynasty 1730s, no text","곁에 서 있던 노 청지기가 웃으며 거들었습니다 ""대감마님, 예전 권 진사","곁에 서 있던 노 청지기가 웃으며 거들었습니다 ""대감마님, 예전 권 진사댁 안방마님 솜씨가 꼭 이러했다지요","노청지기,심대감",sarangchae,"Korean animation style, soft cel shading, clean line art, warm muted colors, Joseon dynasty 1730s",dialogue,10.900,1001.100,1012.000,S008
"Lord Shim's face suddenly hardening. Characters: Lord Shim (elderly nobleman with white beard). Setting: Joseon nobleman's study with desk, inkstone, cabinets, ledgers, paper doors, daylight. Korean animation style, soft cel shading, clean line art, warm muted colors, Joseon dynasty 1730s, no text","대감께서도 권 진사와는 막역한 사이셨으니 기억하시겠습니다."" 그 말에 대","대감께서도 권 진사와는 막역한 사이셨으니 기억하시겠습니다."" 그 말에 대감의 얼굴이 한순간 굳었습니다",심대감,sarangchae,"Korean animation style, soft cel shading, clean line art, warm muted colors, Joseon dynasty 1730s",reaction,11.110,1012.000,1023.110,S008
"Lord Shim turning away into his room, Dallae's shoulders flinching slightly. Characters: Lord Shim (elderly nobleman with white beard), Dallae (young seamstress in faded white jeogori). Setting: Joseon nobleman's study with desk, inkstone, cabinets, ledgers, paper doors, daylight. Korean animation style, soft cel shading, clean line art, warm muted colors, Joseon dynasty 1730s, no text","""지난 이야기는 하지 말게."" 대감은 짧게 말을 자르고 사랑채로 들어가 ","""지난 이야기는 하지 말게."" 대감은 짧게 말을 자르고 사랑채로 들어가 버렸지요 고개를 숙이고 있던 달래의 어깨가 아주 조금 움찔했습니다","심대감,달래",sarangchae,"Korean animation style, soft cel shading, clean line art, warm muted colors, Joseon dynasty 1730s",scene,13.670,1023.110,1036.780,S008
"Dallae standing alone on the wooden floor, head bowed. Characters: Dallae (young seamstress in faded white jeogori). Setting: Joseon nobleman's study with desk, inkstone, cabinets, ledgers, paper doors, daylight. Korean animation style, soft cel shading, clean line art, warm muted colors, Joseon dynasty 1730s, no text",그 모습을 본 사람은 아무도 없었어요,그 모습을 본 사람은 아무도 없었어요,달래,sarangchae,"Korean animation style, soft cel shading, clean line art, warm muted colors, Joseon dynasty 1730s",narration,3.750,1036.780,1040.530,S008
"seasons passing over the mansion, leaves falling, snow, blossoms. Setting: bird's-eye view of a large 99-kan Joseon noble mansion with courtyards. Korean animation style, soft cel shading, clean line art, warm muted colors, Joseon dynasty 1730s, no text","그렇게 한 해가 가고, 또 한 해가 저물어 갔습니다 말 못 하는 침모 달","그렇게 한 해가 가고, 또 한 해가 저물어 갔습니다 말 못 하는 침모 달래는 어느새 이 집 바느질을 도맡는 사람이 되어 있었어요",,mansion_overview,"Korean animation style, soft cel shading, clean line art, warm muted colors, Joseon dynasty 1730s",narration,11.710,1040.530,1052.240,S009
"Dallae sewing a nobleman's robe confidently, now the head seamstress. Characters: Dallae (young seamstress in faded white jeogori). Setting: small Joseon sewing room with sewing basket, colorful threads, fabrics, paper doors, soft daylight. Korean animation style, soft cel shading, clean line art, warm muted colors, Joseon dynasty 1730s, no text","쓰러진 채 대문 앞에서 발견된 여인이, 이제는 대감의 옷을 짓는 손이 된","쓰러진 채 대문 앞에서 발견된 여인이, 이제는 대감의 옷을 짓는 손이 된 것이지요 이야기는 이제 그해 가을로 넘어갑니다",달래,chimbang,"Korean animation style, soft cel shading, clean line art, warm muted colors, Joseon dynasty 1730s",narration,11.640,1052.240,1063.880,S009
"an ox cart piled high with rice sacks entering the main gate in autumn. Characters: Kwak (sunburnt broad-shouldered farm manager). Setting: noble mansion courtyard in autumn with rice sacks piled high, ox cart, golden light. Korean animation style, soft cel shading, clean line art, warm muted colors, Joseon dynasty 1730s, no text",추수가 끝나자 양주에서 곽 마름의 달구지가 올라왔습니다 섬이 가득 실린 ,"추수가 끝나자 양주에서 곽 마름의 달구지가 올라왔습니다 섬이 가득 실린 달구지가 대문을 들어서자, 온 집안이 곳간 앞으로 모여들었지요",곽마름,courtyard_harvest,"Korean animation style, soft cel shading, clean line art, warm muted colors, Joseon dynasty 1730s",scene,13.270,1063.880,1077.150,S009
"Kwak, sunburnt with thick eyebrows, standing by the cart. Characters: Kwak (sunburnt broad-shouldered farm manager). Setting: noble mansion courtyard in autumn with rice sacks piled high, ox cart, golden light. Korean animation style, soft cel shading, clean line art, warm muted colors, Joseon dynasty 1730s, no text",곽 마름은 볕에 그을린 얼굴에 눈썹이 짙은 사내였습니다 말투도 거칠었어요,곽 마름은 볕에 그을린 얼굴에 눈썹이 짙은 사내였습니다 말투도 거칠었어요,곽마름,courtyard_harvest,"Korean animation style, soft cel shading, clean line art, warm muted colors, Joseon dynasty 1730s",scene,8.040,1077.150,1085.190,S009
"Kwak shouting at porters unloading rice sacks. Characters: Kwak (sunburnt broad-shouldered farm manager). Setting: noble mansion courtyard in autumn with rice sacks piled high, ox cart, golden light. Korean animation style, soft cel shading, clean line art, warm muted colors, Joseon dynasty 1730s, no text","""거 조심해서 내려! 한 톨이라도 흘리면 네놈들 밥에서 뺄 줄 알아!"" ","""거 조심해서 내려! 한 톨이라도 흘리면 네놈들 밥에서 뺄 줄 알아!"" 짐꾼들이 움찔움찔 섬을 내렸습니다",곽마름,courtyard_harvest,"Korean animation style, soft cel shading, clean line art, warm muted colors, Joseon dynasty 1730s",dialogue,10.260,1085.190,1095.450,S009
"Sundeok-eomeom whispering to Dallae, rice sacks piling up like a mountain. Characters: Sundeok-eomeom (stout kitchen woman in apron), Dallae (young seamstress in faded white jeogori). Setting: noble mansion courtyard in autumn with rice sacks piled high, ox cart, golden light. Korean animation style, soft cel shading, clean line art, warm muted colors, Joseon dynasty 1730s, no text",순덕어멈이 달래 곁에서 소곤거렸지요 곳간 앞마당에는 금세 섬이 산처럼 쌓,순덕어멈이 달래 곁에서 소곤거렸지요 곳간 앞마당에는 금세 섬이 산처럼 쌓였어요,"순덕어멈,달래",courtyard_harvest,"Korean animation style, soft cel shading, clean line art, warm muted colors, Joseon dynasty 1730s",scene,8.620,1095.450,1104.070,S009
"porters carrying sacks on shoulders into the storehouse, rice dust in sunlight. Setting: noble mansion courtyard in autumn with rice sacks piled high, ox cart, golden light. Korean animation style, soft cel shading, clean line art, warm muted colors, Joseon dynasty 1730s, no text",짐꾼들이 섬을 어깨에 메고 곳간 안으로 나를 때마다 뽀얀 쌀 먼지가 햇살,짐꾼들이 섬을 어깨에 메고 곳간 안으로 나를 때마다 뽀얀 쌀 먼지가 햇살 속에 흩날렸지요,,courtyard_harvest,"Korean animation style, soft cel shading, clean line art, warm muted colors, Joseon dynasty 1730s",scene,8.730,1104.070,1112.800,S009
"close-up of a wooden measure filled with rice and leveled with a stick. Setting: noble mansion courtyard in autumn with rice sacks piled high, ox cart, golden light. Korean animation style, soft cel shading, clean line art, warm muted colors, Joseon dynasty 1730s, no text","됫박으로 쌀을 퍼 담고 평미레로 쓱 깎아 내는 소리, 섬을 세는 짐꾼의 ","됫박으로 쌀을 퍼 담고 평미레로 쓱 깎아 내는 소리, 섬을 세는 짐꾼의 굵은 목소리가 마당 가득 울렸습니다",,courtyard_harvest,"Korean animation style, soft cel shading, clean line art, warm muted colors, Joseon dynasty 1730s",scene,10.250,1112.800,1123.050,S009
"Dallae carrying a laundry basket, slowing down in front of the storehouse. Characters: Dallae (young seamstress in faded white jeogori). Setting: noble mansion courtyard in autumn with rice sacks piled high, ox cart, golden light. Korean animation style, soft cel shading, clean line art, warm muted colors, Joseon dynasty 1730s, no text",달래는 빨래 광주리를 든 채 곳간 앞을 지나다 걸음을 늦췄어요 달래의 입,달래는 빨래 광주리를 든 채 곳간 앞을 지나다 걸음을 늦췄어요 달래의 입술이 소리 없이 달싹였습니다,달래,courtyard_harvest,"Korean animation style, soft cel shading, clean line art, warm muted colors, Joseon dynasty 1730s",scene,10.560,1123.050,1133.610,S009
"Dallae silently counting with moving lips. Characters: Dallae (young seamstress in faded white jeogori). Setting: noble mansion courtyard in autumn with rice sacks piled high, ox cart, golden light. Korean animation style, soft cel shading, clean line art, warm muted colors, Joseon dynasty 1730s, no text","섬을 세는 짐꾼의 목소리를, 마음속으로 따라 세고 있었던 거지요","섬을 세는 짐꾼의 목소리를, 마음속으로 따라 세고 있었던 거지요",달래,courtyard_harvest,"Korean animation style, soft cel shading, clean line art, warm muted colors, Joseon dynasty 1730s",reaction,5.980,1133.610,1139.590,S009
"Sundeok-eomeom gossiping with a sneer. Characters: Sundeok-eomeom (stout kitchen woman in apron), Dallae (young seamstress in faded white jeogori). Setting: noble mansion courtyard in autumn with rice sacks piled high, ox cart, golden light. Korean animation style, soft cel shading, clean line art, warm muted colors, Joseon dynasty 1730s, no text","""저 곽 마름 말이야, 양주에서 소작인들을 아주 쥐 잡듯 한다더라. 제 ","""저 곽 마름 말이야, 양주에서 소작인들을 아주 쥐 잡듯 한다더라. 제 주머니 채우는 데는 귀신이라고.""","순덕어멈,달래",courtyard_harvest,"Korean animation style, soft cel shading, clean line art, warm muted colors, Joseon dynasty 1730s",dialogue,10.110,1139.590,1149.700,S009
"Kwak pulling a worn notebook from his coat. Characters: Kwak (sunburnt broad-shouldered farm manager). Setting: noble mansion courtyard in autumn with rice sacks piled high, ox cart, golden light. Korean animation style, soft cel shading, clean line art, warm muted colors, Joseon dynasty 1730s, no text",곡식이 다 들어가자 곽 마름이 품에서 손때 묻은 수첩을 꺼냈습니다 어느 ,곡식이 다 들어가자 곽 마름이 품에서 손때 묻은 수첩을 꺼냈습니다 어느 집에서 몇 섬을 받았는지 적은 기록이었어요,곽마름,courtyard_harvest,"Korean animation style, soft cel shading, clean line art, warm muted colors, Joseon dynasty 1730s",scene,11.340,1149.700,1161.040,S009
"Steward No sitting on the wooden floor copying numbers from the notebook into a big ledger. Characters: Steward No (bent old steward in brown robe). Setting: Joseon nobleman's study with desk, inkstone, cabinets, ledgers, paper doors, daylight. Korean animation style, soft cel shading, clean line art, warm muted colors, Joseon dynasty 1730s, no text",노 청지기가 그 수첩을 받아 들고 사랑채 마루에 앉았습니다 그러고는 본가,"노 청지기가 그 수첩을 받아 들고 사랑채 마루에 앉았습니다 그러고는 본가의 큰 장부, 추수기에 숫자를 옮겨 적기 시작했지요",노청지기,sarangchae,"Korean animation style, soft cel shading, clean line art, warm muted colors, Joseon dynasty 1730s",scene,12.440,1161.040,1173.480,S009
"close-up of the brush moving, Steward No glancing at the sky. Characters: Steward No (bent old steward in brown robe). Setting: Joseon nobleman's study with desk, inkstone, cabinets, ledgers, paper doors, daylight. Korean animation style, soft cel shading, clean line art, warm muted colors, Joseon dynasty 1730s, no text","붓이 사각사각 움직였습니다 노 청지기는 가끔 수첩을 들여다보고, 가끔 먼","붓이 사각사각 움직였습니다 노 청지기는 가끔 수첩을 들여다보고, 가끔 먼 하늘을 올려다보았어요",노청지기,sarangchae,"Korean animation style, soft cel shading, clean line art, warm muted colors, Joseon dynasty 1730s",scene,10.030,1173.480,1183.510,S009
"Lord Shim nodding with trust beside Steward No. Characters: Lord Shim (elderly nobleman with white beard), Steward No (bent old steward in brown robe). Setting: Joseon nobleman's study with desk, inkstone, cabinets, ledgers, paper doors, daylight. Korean animation style, soft cel shading, clean line art, warm muted colors, Joseon dynasty 1730s, no text",대감은 그 곁에서 고개를 끄덕였습니다 삼십 년을 맡겨 온 손이었으니까요,대감은 그 곁에서 고개를 끄덕였습니다 삼십 년을 맡겨 온 손이었으니까요,"심대감,노청지기",sarangchae,"Korean animation style, soft cel shading, clean line art, warm muted colors, Joseon dynasty 1730s",scene,7.970,1183.510,1191.480,S009
"early winter, little Juni lying in bed with a high fever. Characters: Juni (7-year-old noble boy with red ribbon). Setting: a child's room in a Joseon mansion at night, bedding, medicine pot, lamp. Korean animation style, soft cel shading, clean line art, warm muted colors, Joseon dynasty 1730s, no text","그해 겨울 초입, 준이가 열병을 앓았습니다 사흘 밤낮으로 몸이 불덩이 같","그해 겨울 초입, 준이가 열병을 앓았습니다 사흘 밤낮으로 몸이 불덩이 같았어요",준이,juni_room_night,"Korean animation style, soft cel shading, clean line art, warm muted colors, Joseon dynasty 1730s",scene,8.740,1191.480,1200.220,S010
"a medicine pot boiling, Lord Shim pacing anxiously. Characters: Lord Shim (elderly nobleman with white beard). Setting: a child's room in a Joseon mansion at night, bedding, medicine pot, lamp. Korean animation style, soft cel shading, clean line art, warm muted colors, Joseon dynasty 1730s, no text",의원이 다녀가고 약탕관이 밤새 끓었지만 열은 좀처럼 내리지 않았지요 대감,의원이 다녀가고 약탕관이 밤새 끓었지만 열은 좀처럼 내리지 않았지요 대감은 사랑채와 안채를 오가며 잠 한숨 이루지 못했습니다,심대감,juni_room_night,"Korean animation style, soft cel shading, clean line art, warm muted colors, Joseon dynasty 1730s",scene,13.540,1200.220,1213.760,S010
"Dallae sitting by Juni's bed at night. Characters: Dallae (young seamstress in faded white jeogori), Juni (7-year-old noble boy with red ribbon). Setting: a child's room in a Joseon mansion at night, bedding, medicine pot, lamp. Korean animation style, soft cel shading, clean line art, warm muted colors, Joseon dynasty 1730s, no text","나흘째 밤, 대감이 잠깐 눈을 붙이러 간 사이 준이 곁을 지킨 것은 달래","나흘째 밤, 대감이 잠깐 눈을 붙이러 간 사이 준이 곁을 지킨 것은 달래였어요","달래,준이",juni_room_night,"Korean animation style, soft cel shading, clean line art, warm muted colors, Joseon dynasty 1730s",scene,7.710,1213.760,1221.470,S010
"Dallae wringing a wet cloth and placing it on Juni's forehead, mugwort steam. Characters: Dallae (young seamstress in faded white jeogori), Juni (7-year-old noble boy with red ribbon). Setting: a child's room in a Joseon mansion at night, bedding, medicine pot, lamp. Korean animation style, soft cel shading, clean line art, warm muted colors, Joseon dynasty 1730s, no text","달래는 찬물에 적신 수건을 짜서 준이의 이마에 얹고, 식으면 다시 적시기","달래는 찬물에 적신 수건을 짜서 준이의 이마에 얹고, 식으면 다시 적시기를 수없이 되풀이했습니다 방 안에는 쑥 달이는 냄새가 가득했지요","달래,준이",juni_room_night,"Korean animation style, soft cel shading, clean line art, warm muted colors, Joseon dynasty 1730s",scene,13.440,1221.470,1234.910,S010
"Juni crying in delirium, Dallae's hands stopping. Characters: Juni (7-year-old noble boy with red ribbon), Dallae (young seamstress in faded white jeogori). Setting: a child's room in a Joseon mansion at night, bedding, medicine pot, lamp. Korean animation style, soft cel shading, clean line art, warm muted colors, Joseon dynasty 1730s, no text","새벽녘, 준이가 헛소리를 하며 울기 시작했어요 ""어머니, 어머니 어디 있","새벽녘, 준이가 헛소리를 하며 울기 시작했어요 ""어머니, 어머니 어디 있어."" 달래의 손이 멈췄습니다","준이,달래",juni_room_night,"Korean animation style, soft cel shading, clean line art, warm muted colors, Joseon dynasty 1730s",scene,11.900,1234.910,1246.810,S010
"Dallae glancing at the door, then gently patting Juni's chest. Characters: Dallae (young seamstress in faded white jeogori), Juni (7-year-old noble boy with red ribbon). Setting: a child's room in a Joseon mansion at night, bedding, medicine pot, lamp. Korean animation style, soft cel shading, clean line art, warm muted colors, Joseon dynasty 1730s, no text",방 안에는 달래와 준이뿐이었지요 달래는 문 쪽을 한 번 돌아보았습니다 그,"방 안에는 달래와 준이뿐이었지요 달래는 문 쪽을 한 번 돌아보았습니다 그러고는 준이의 가슴을 가만가만 토닥이며, 아주 낮게 노래를 불렀어요","달래,준이",juni_room_night,"Korean animation style, soft cel shading, clean line art, warm muted colors, Joseon dynasty 1730s",scene,13.890,1246.810,1260.700,S010
"Dallae singing a lullaby very softly, moonlight through the window. Characters: Dallae (young seamstress in faded white jeogori), Juni (7-year-old noble boy with red ribbon). Setting: a child's room in a Joseon mansion at night, bedding, medicine pot, lamp. Korean animation style, soft cel shading, clean line art, warm muted colors, Joseon dynasty 1730s, no text","""자장 자장 우리 아기, 달빛 타고 잠이 오네","""자장 자장 우리 아기, 달빛 타고 잠이 오네","달래,준이",juni_room_night,"Korean animation style, soft cel shading, clean line art, warm muted colors, Joseon dynasty 1730s",scene,4.310,1260.700,1265.010,S010
"Dallae singing tenderly, Juni's breathing calming. Characters: Dallae (young seamstress in faded white jeogori), Juni (7-year-old noble boy with red ribbon). Setting: a child's room in a Joseon mansion at night, bedding, medicine pot, lamp. Korean animation style, soft cel shading, clean line art, warm muted colors, Joseon dynasty 1730s, no text","바늘 끝에 별을 꿰어, 우리 아기 이불 짓자. 자장 자장 잘도 잔다, 새","바늘 끝에 별을 꿰어, 우리 아기 이불 짓자. 자장 자장 잘도 잔다, 새벽닭아 울지 마라.""","달래,준이",juni_room_night,"Korean animation style, soft cel shading, clean line art, warm muted colors, Joseon dynasty 1730s",scene,9.720,1265.010,1274.730,S010
"dawn light, Juni slowly opening his eyes. Characters: Juni (7-year-old noble boy with red ribbon), Dallae (young seamstress in faded white jeogori). Setting: a child's room in a Joseon mansion at dawn, pale light. Korean animation style, soft cel shading, clean line art, warm muted colors, Joseon dynasty 1730s, no text",열에 들뜬 준이의 숨결이 조금씩 고르게 가라앉았습니다 그리고 동이 틀 무,"열에 들뜬 준이의 숨결이 조금씩 고르게 가라앉았습니다 그리고 동이 틀 무렵, 준이가 게슴츠레 눈을 떴어요","준이,달래",juni_room_dawn,"Korean animation style, soft cel shading, clean line art, warm muted colors, Joseon dynasty 1730s",scene,10.280,1274.730,1285.010,S010
"Juni staring up at Dallae, wondering if it was a dream. Characters: Juni (7-year-old noble boy with red ribbon). Setting: a child's room in a Joseon mansion at dawn, pale light. Korean animation style, soft cel shading, clean line art, warm muted colors, Joseon dynasty 1730s, no text",준이는 한참 동안 달래를 올려다보았습니다 방금 들은 노랫소리가 꿈이었는지,준이는 한참 동안 달래를 올려다보았습니다 방금 들은 노랫소리가 꿈이었는지 생시였는지 가늠하는 눈빛이었지요,준이,juni_room_dawn,"Korean animation style, soft cel shading, clean line art, warm muted colors, Joseon dynasty 1730s",reaction,11.510,1285.010,1296.520,S010
"Dallae placing a fresh cloth on his forehead as if nothing happened. Characters: Dallae (young seamstress in faded white jeogori), Juni (7-year-old noble boy with red ribbon). Setting: a child's room in a Joseon mansion at dawn, pale light. Korean animation style, soft cel shading, clean line art, warm muted colors, Joseon dynasty 1730s, no text",달래는 아무 일도 없었다는 듯 준이의 이마에 새 수건을 얹었습니다,달래는 아무 일도 없었다는 듯 준이의 이마에 새 수건을 얹었습니다,"달래,준이",juni_room_dawn,"Korean animation style, soft cel shading, clean line art, warm muted colors, Joseon dynasty 1730s",scene,6.500,1296.520,1303.020,S010
"Lord Shim touching Juni's forehead and sighing with relief. Characters: Lord Shim (elderly nobleman with white beard), Juni (7-year-old noble boy with red ribbon). Setting: a child's room in a Joseon mansion at dawn, pale light. Korean animation style, soft cel shading, clean line art, warm muted colors, Joseon dynasty 1730s, no text",아침이 되어 사랑채에서 건너온 대감은 손자의 이마를 짚어 보고 긴 숨을 ,아침이 되어 사랑채에서 건너온 대감은 손자의 이마를 짚어 보고 긴 숨을 내쉬었어요 열이 한풀 꺾여 있었던 겁니다,"심대감,준이",juni_room_dawn,"Korean animation style, soft cel shading, clean line art, warm muted colors, Joseon dynasty 1730s",scene,11.070,1303.020,1314.090,S010
"Lord Shim looking at Dallae kneeling in the corner, her hands red and chapped. Characters: Lord Shim (elderly nobleman with white beard), Dallae (young seamstress in faded white jeogori). Setting: a child's room in a Joseon mansion at dawn, pale light. Korean animation style, soft cel shading, clean line art, warm muted colors, Joseon dynasty 1730s, no text",대감은 방 한구석에 무릎을 꿇고 있는 달래를 돌아보았습니다 밤새 찬물에 ,대감은 방 한구석에 무릎을 꿇고 있는 달래를 돌아보았습니다 밤새 찬물에 담갔던 달래의 두 손은 벌겋게 부르터 있었지요,"심대감,달래",juni_room_dawn,"Korean animation style, soft cel shading, clean line art, warm muted colors, Joseon dynasty 1730s",scene,11.250,1314.090,1325.340,S010
"Lord Shim asking briefly, Dallae only bowing. Characters: Lord Shim (elderly nobleman with white beard), Dallae (young seamstress in faded white jeogori). Setting: a child's room in a Joseon mansion at dawn, pale light. Korean animation style, soft cel shading, clean line art, warm muted colors, Joseon dynasty 1730s, no text","""밤을 새웠느냐."" 달래는 고개만 숙였습니다 대감은 더 묻지 않았어요","""밤을 새웠느냐."" 달래는 고개만 숙였습니다 대감은 더 묻지 않았어요","심대감,달래",juni_room_dawn,"Korean animation style, soft cel shading, clean line art, warm muted colors, Joseon dynasty 1730s",dialogue,8.460,1325.340,1333.800,S010
"a bowl of warm soup set aside on a tray in the kitchen. Setting: Joseon mansion kitchen with iron cauldrons, clay stove, firewood, steam. Korean animation style, soft cel shading, clean line art, warm muted colors, Joseon dynasty 1730s, no text","다만 방을 나서며 부엌에 일러, 침모에게 따뜻한 국 한 그릇을 따로 내주","다만 방을 나서며 부엌에 일러, 침모에게 따뜻한 국 한 그릇을 따로 내주라 하였지요",,kitchen,"Korean animation style, soft cel shading, clean line art, warm muted colors, Joseon dynasty 1730s",scene,7.340,1333.800,1341.140,S010
"Juni running into the sewing room and closing the door behind him. Characters: Juni (7-year-old noble boy with red ribbon), Dallae (young seamstress in faded white jeogori). Setting: small Joseon sewing room with sewing basket, colorful threads, fabrics, paper doors, soft daylight. Korean animation style, soft cel shading, clean line art, warm muted colors, Joseon dynasty 1730s, no text",열이 내리고 사흘이 지나자 준이는 다시 침방으로 뛰어왔습니다 그러고는 문,열이 내리고 사흘이 지나자 준이는 다시 침방으로 뛰어왔습니다 그러고는 문을 꼭 닫고 달래 앞에 바짝 다가앉았어요,"준이,달래",chimbang,"Korean animation style, soft cel shading, clean line art, warm muted colors, Joseon dynasty 1730s",scene,11.170,1341.140,1352.310,S011
"Juni whispering close to Dallae, her needle pricking her finger. Characters: Juni (7-year-old noble boy with red ribbon), Dallae (young seamstress in faded white jeogori). Setting: small Joseon sewing room with sewing basket, colorful threads, fabrics, paper doors, soft daylight. Korean animation style, soft cel shading, clean line art, warm muted colors, Joseon dynasty 1730s, no text","""달래야."" 준이가 목소리를 낮췄습니다 ""너, 말할 줄 알지?"" 달래의 ","""달래야."" 준이가 목소리를 낮췄습니다 ""너, 말할 줄 알지?"" 달래의 바늘이 손끝을 찔렀어요","준이,달래",chimbang,"Korean animation style, soft cel shading, clean line art, warm muted colors, Joseon dynasty 1730s",dialogue,10.620,1352.310,1362.930,S011
"close-up of a drop of red blood spreading on white cotton. Characters: Dallae (young seamstress in faded white jeogori). Setting: small Joseon sewing room with sewing basket, colorful threads, fabrics, paper doors, soft daylight. Korean animation style, soft cel shading, clean line art, warm muted colors, Joseon dynasty 1730s, no text","붉은 핏방울이 하얀 무명 위로 동그랗게 번졌습니다 ""나 다 들었어. 노래","붉은 핏방울이 하얀 무명 위로 동그랗게 번졌습니다 ""나 다 들었어. 노래 불렀잖아. 달빛 타고 잠이 온다고.""",달래,chimbang,"Korean animation style, soft cel shading, clean line art, warm muted colors, Joseon dynasty 1730s",scene,13.150,1362.930,1376.080,S011
"Dallae holding Juni's hands and putting a finger to her lips. Characters: Dallae (young seamstress in faded white jeogori), Juni (7-year-old noble boy with red ribbon). Setting: small Joseon sewing room with sewing basket, colorful threads, fabrics, paper doors, soft daylight. Korean animation style, soft cel shading, clean line art, warm muted colors, Joseon dynasty 1730s, no text","달래는 한참을 가만히 있었습니다 그러다 준이의 두 손을 잡고, 제 입술 ","달래는 한참을 가만히 있었습니다 그러다 준이의 두 손을 잡고, 제 입술 위에 손가락 하나를 세워 댔어요","달래,준이",chimbang,"Korean animation style, soft cel shading, clean line art, warm muted colors, Joseon dynasty 1730s",scene,10.540,1376.080,1386.620,S011
"Juni's eyes growing round, nodding eagerly. Characters: Juni (7-year-old noble boy with red ribbon). Setting: small Joseon sewing room with sewing basket, colorful threads, fabrics, paper doors, soft daylight. Korean animation style, soft cel shading, clean line art, warm muted colors, Joseon dynasty 1730s, no text",쉿 준이의 눈이 동그래졌지요 그러다 곧 무언가를 알아들은 듯 고개를 크게,"쉿 준이의 눈이 동그래졌지요 그러다 곧 무언가를 알아들은 듯 고개를 크게 끄덕였습니다 ""비밀이구나?""",준이,chimbang,"Korean animation style, soft cel shading, clean line art, warm muted colors, Joseon dynasty 1730s",reaction,11.040,1386.620,1397.660,S011
"Juni holding out his little finger. Characters: Juni (7-year-old noble boy with red ribbon), Dallae (young seamstress in faded white jeogori). Setting: small Joseon sewing room with sewing basket, colorful threads, fabrics, paper doors, soft daylight. Korean animation style, soft cel shading, clean line art, warm muted colors, Joseon dynasty 1730s, no text",달래가 끄덕였어요 준이가 새끼손가락을 내밀었습니다,달래가 끄덕였어요 준이가 새끼손가락을 내밀었습니다,"준이,달래",chimbang,"Korean animation style, soft cel shading, clean line art, warm muted colors, Joseon dynasty 1730s",scene,6.330,1397.660,1403.990,S011
"Juni making a promise with a serious face. Characters: Juni (7-year-old noble boy with red ribbon). Setting: small Joseon sewing room with sewing basket, colorful threads, fabrics, paper doors, soft daylight. Korean animation style, soft cel shading, clean line art, warm muted colors, Joseon dynasty 1730s, no text","""그럼 약속. 할아버지한테도 말 안 할게. 대신 나 아플 때 또 불러 줘","""그럼 약속. 할아버지한테도 말 안 할게. 대신 나 아플 때 또 불러 줘.""",준이,chimbang,"Korean animation style, soft cel shading, clean line art, warm muted colors, Joseon dynasty 1730s",dialogue,9.460,1403.990,1413.450,S011
"little fingers hooked together, Dallae whispering in his ear. Characters: Dallae (young seamstress in faded white jeogori), Juni (7-year-old noble boy with red ribbon). Setting: small Joseon sewing room with sewing basket, colorful threads, fabrics, paper doors, soft daylight. Korean animation style, soft cel shading, clean line art, warm muted colors, Joseon dynasty 1730s, no text",달래는 그 작은 새끼손가락에 제 손가락을 걸었습니다 그리고 준이의 귓가에,"달래는 그 작은 새끼손가락에 제 손가락을 걸었습니다 그리고 준이의 귓가에 대고, 숨소리만큼 작게 속삭였지요","달래,준이",chimbang,"Korean animation style, soft cel shading, clean line art, warm muted colors, Joseon dynasty 1730s",scene,11.490,1413.450,1424.940,S011
"Dallae and Juni sharing a secret smile. Characters: Dallae (young seamstress in faded white jeogori), Juni (7-year-old noble boy with red ribbon). Setting: small Joseon sewing room with sewing basket, colorful threads, fabrics, paper doors, soft daylight. Korean animation style, soft cel shading, clean line art, warm muted colors, Joseon dynasty 1730s, no text","""예, 도련님."" 이 집에서 달래의 목소리를 들은 사람은, 그날부터 딱 ","""예, 도련님."" 이 집에서 달래의 목소리를 들은 사람은, 그날부터 딱 한 사람이 되었습니다","달래,준이",chimbang,"Korean animation style, soft cel shading, clean line art, warm muted colors, Joseon dynasty 1730s",scene,9.160,1424.940,1434.100,S011
"Dallae carrying an ironed robe into the empty men's quarters. Characters: Dallae (young seamstress in faded white jeogori). Setting: Joseon nobleman's study with desk, inkstone, cabinets, ledgers, paper doors, daylight. Korean animation style, soft cel shading, clean line art, warm muted colors, Joseon dynasty 1730s, no text","며칠 뒤, 달래는 다려 놓은 대감의 도포를 들고 사랑채로 건너갔습니다 대","며칠 뒤, 달래는 다려 놓은 대감의 도포를 들고 사랑채로 건너갔습니다 대감은 출타하고 없었고, 방은 비어 있었어요",달래,sarangchae,"Korean animation style, soft cel shading, clean line art, warm muted colors, Joseon dynasty 1730s",scene,11.710,1434.100,1445.810,S012
"Dallae noticing an open ledger on the desk. Characters: Dallae (young seamstress in faded white jeogori). Setting: Joseon nobleman's study with desk, inkstone, cabinets, ledgers, paper doors, daylight. Korean animation style, soft cel shading, clean line art, warm muted colors, Joseon dynasty 1730s, no text","도포를 횃대에 걸고 돌아서던 달래의 눈에, 서안 위에 펼쳐진 책 한 권이","도포를 횃대에 걸고 돌아서던 달래의 눈에, 서안 위에 펼쳐진 책 한 권이 들어왔습니다 올가을 추수를 적은 추수기였지요",달래,sarangchae,"Korean animation style, soft cel shading, clean line art, warm muted colors, Joseon dynasty 1730s",scene,11.240,1445.810,1457.050,S012
"quiet scholar's room with faint ink fragrance. Setting: Joseon nobleman's study with desk, inkstone, cabinets, ledgers, paper doors, daylight. Korean animation style, soft cel shading, clean line art, warm muted colors, Joseon dynasty 1730s, no text",사랑채 안에서는 은은한 묵향이 났습니다,사랑채 안에서는 은은한 묵향이 났습니다,,sarangchae,"Korean animation style, soft cel shading, clean line art, warm muted colors, Joseon dynasty 1730s",scene,4.350,1457.050,1461.400,S012
"close-up of an inkstone and water dropper on a cabinet, pipe on the desk. Setting: Joseon nobleman's study with desk, inkstone, cabinets, ledgers, paper doors, daylight. Korean animation style, soft cel shading, clean line art, warm muted colors, Joseon dynasty 1730s, no text","문갑 위에는 벼루와 연적이 가지런했고, 서안 곁에는 대감이 즐겨 피우는 ","문갑 위에는 벼루와 연적이 가지런했고, 서안 곁에는 대감이 즐겨 피우는 담배 냄새가 희미하게 배어 있었어요",,sarangchae,"Korean animation style, soft cel shading, clean line art, warm muted colors, Joseon dynasty 1730s",scene,10.250,1461.400,1471.650,S012
"Dallae pausing, remembering her father's study. Characters: Dallae (young seamstress in faded white jeogori). Setting: Joseon nobleman's study with desk, inkstone, cabinets, ledgers, paper doors, daylight. Korean animation style, soft cel shading, clean line art, warm muted colors, Joseon dynasty 1730s, no text",어린 시절 아버지의 사랑방에서 맡던 것과 꼭 닮은 냄새였지요 달래는 저도,어린 시절 아버지의 사랑방에서 맡던 것과 꼭 닮은 냄새였지요 달래는 저도 모르게 걸음을 멈추었습니다,달래,sarangchae,"Korean animation style, soft cel shading, clean line art, warm muted colors, Joseon dynasty 1730s",reaction,10.190,1471.650,1481.840,S012
"close-up of the ledger with rice numbers, Dallae holding her breath. Characters: Dallae (young seamstress in faded white jeogori). Setting: Joseon nobleman's study with desk, inkstone, cabinets, ledgers, paper doors, daylight. Korean animation style, soft cel shading, clean line art, warm muted colors, Joseon dynasty 1730s, no text","달래는 그 자리에 선 채 숨을 죽였습니다 올해 양주에서 올라온 쌀, 백오","달래는 그 자리에 선 채 숨을 죽였습니다 올해 양주에서 올라온 쌀, 백오십 섬 달래는 추수 날 아침을 떠올렸어요",달래,sarangchae,"Korean animation style, soft cel shading, clean line art, warm muted colors, Joseon dynasty 1730s",scene,12.540,1481.840,1494.380,S012
"memory of rice sacks piled in front of the storehouse, Dallae counting. Characters: Dallae (young seamstress in faded white jeogori). Setting: memory of rice sacks in front of a storehouse, faded warm tone. Korean animation style, soft cel shading, clean line art, warm muted colors, Joseon dynasty 1730s, no text","곳간 앞에 쌓이던 섬을, 달래는 버릇처럼 세고 있었습니다 아버지 곁에서 ","곳간 앞에 쌓이던 섬을, 달래는 버릇처럼 세고 있었습니다 아버지 곁에서 책을 읽던 어린 시절부터 몸에 밴 버릇이었지요",달래,flashback_harvest,"Korean animation style, soft cel shading, clean line art, warm muted colors, Joseon dynasty 1730s",narration,12.140,1494.380,1506.520,S012
"Dallae's eyes widening at the discrepancy, footsteps outside. Characters: Dallae (young seamstress in faded white jeogori). Setting: Joseon nobleman's study with desk, inkstone, cabinets, ledgers, paper doors, daylight. Korean animation style, soft cel shading, clean line art, warm muted colors, Joseon dynasty 1730s, no text",그날 곳간에 들어간 섬은 분명 백팔십 섬이었습니다 서른 섬이 장부에서 사,그날 곳간에 들어간 섬은 분명 백팔십 섬이었습니다 서른 섬이 장부에서 사라져 있었던 겁니다 그때 마당에서 발소리가 들렸어요,달래,sarangchae,"Korean animation style, soft cel shading, clean line art, warm muted colors, Joseon dynasty 1730s",reaction,12.700,1506.520,1519.220,S012
"Dallae slipping out and closing the door with trembling hands. Characters: Dallae (young seamstress in faded white jeogori). Setting: Joseon nobleman's study with desk, inkstone, cabinets, ledgers, paper doors, daylight. Korean animation style, soft cel shading, clean line art, warm muted colors, Joseon dynasty 1730s, no text",달래는 얼른 장부에서 눈을 떼고 방을 빠져나왔습니다 방문을 닫는 손이 가,달래는 얼른 장부에서 눈을 떼고 방을 빠져나왔습니다 방문을 닫는 손이 가늘게 흔들렸지요,달래,sarangchae,"Korean animation style, soft cel shading, clean line art, warm muted colors, Joseon dynasty 1730s",scene,9.160,1519.220,1528.380,S012
"a figure crossing the courtyard glancing toward the men's quarters, Dallae vanishing behind a wall. Setting: stone-paved courtyard of a Joseon noble mansion, wooden pillars, tiled roofs, daylight. Korean animation style, soft cel shading, clean line art, warm muted colors, Joseon dynasty 1730s, no text","마당을 가로질러 오던 누군가가 사랑채 쪽을 돌아보았지만, 달래는 이미 담","마당을 가로질러 오던 누군가가 사랑채 쪽을 돌아보았지만, 달래는 이미 담 모퉁이를 돌아간 뒤였습니다 누가 이 숫자를 고쳤을까요",,courtyard,"Korean animation style, soft cel shading, clean line art, warm muted colors, Joseon dynasty 1730s",scene,13.180,1528.380,1541.560,S012
"the ledger alone on the desk, ominous. Setting: Joseon nobleman's study with desk, inkstone, cabinets, ledgers, paper doors, daylight. Korean animation style, soft cel shading, clean line art, warm muted colors, Joseon dynasty 1730s, no text","곽 마름이 처음부터 적게 적어 올린 걸까요, 아니면 장부로 옮기는 사이에","곽 마름이 처음부터 적게 적어 올린 걸까요, 아니면 장부로 옮기는 사이에 무슨 일이 생긴 걸까요",,sarangchae,"Korean animation style, soft cel shading, clean line art, warm muted colors, Joseon dynasty 1730s",narration,8.380,1541.560,1549.940,S012
"Dallae awake in bed at midnight, a creaking sound. Characters: Dallae (young seamstress in faded white jeogori). Setting: simple servants' quarters room at night, dim. Korean animation style, soft cel shading, clean line art, warm muted colors, Joseon dynasty 1730s, no text",그 밤 달래는 잠을 이루지 못했습니다 삼경쯤 되었을까요 뒷마당 쪽에서 삐,"그 밤 달래는 잠을 이루지 못했습니다 삼경쯤 되었을까요 뒷마당 쪽에서 삐걱, 하는 소리가 들렸어요",달래,servant_room_night,"Korean animation style, soft cel shading, clean line art, warm muted colors, Joseon dynasty 1730s",scene,11.020,1549.940,1560.960,S013
"a back gate half open under moonlight. Setting: back gate of a Joseon mansion half open at night, dark alley beyond. Korean animation style, soft cel shading, clean line art, warm muted colors, Joseon dynasty 1730s, no text","달래는 살그머니 방문을 열었습니다 달빛 아래, 뒷문이 반쯤 열려 있었지요","달래는 살그머니 방문을 열었습니다 달빛 아래, 뒷문이 반쯤 열려 있었지요",,back_gate_night,"Korean animation style, soft cel shading, clean line art, warm muted colors, Joseon dynasty 1730s",scene,8.550,1560.960,1569.510,S013
"an ox cart loaded with heavy sacks disappearing down a dark alley. Setting: back gate of a Joseon mansion half open at night, dark alley beyond. Korean animation style, soft cel shading, clean line art, warm muted colors, Joseon dynasty 1730s, no text",그 너머 골목에서 달구지 바퀴가 구르는 소리가 멀어져 가고 있었습니다 무,그 너머 골목에서 달구지 바퀴가 구르는 소리가 멀어져 가고 있었습니다 무거운 짐을 실은 소리였어요,,back_gate_night,"Korean animation style, soft cel shading, clean line art, warm muted colors, Joseon dynasty 1730s",scene,9.560,1569.510,1579.070,S013
"Dallae hurrying toward the storehouse, a large shadow appearing from the corner. Characters: Dallae (young seamstress in faded white jeogori). Setting: earthen-walled storehouse at night under moonlight. Korean animation style, soft cel shading, clean line art, warm muted colors, Joseon dynasty 1730s, no text",달래는 신발도 제대로 꿰지 못하고 곳간 쪽으로 걸음을 옮겼습니다 그런데 ,달래는 신발도 제대로 꿰지 못하고 곳간 쪽으로 걸음을 옮겼습니다 그런데 곳간 모퉁이에서 커다란 그림자 하나가 불쑥 나타났어요,달래,storehouse_night,"Korean animation style, soft cel shading, clean line art, warm muted colors, Joseon dynasty 1730s",scene,12.750,1579.070,1591.820,S013
"Kwak revealed in moonlight at the storehouse corner. Characters: Kwak (sunburnt broad-shouldered farm manager). Setting: earthen-walled storehouse at night under moonlight. Korean animation style, soft cel shading, clean line art, warm muted colors, Joseon dynasty 1730s, no text",곽 마름이었습니다 추수한 곡식을 올려 보내고 며칠 본가에 머물던 참이었지,곽 마름이었습니다 추수한 곡식을 올려 보내고 며칠 본가에 머물던 참이었지요,곽마름,storehouse_night,"Korean animation style, soft cel shading, clean line art, warm muted colors, Joseon dynasty 1730s",scene,8.400,1591.820,1600.220,S013
"Kwak glaring and scolding Dallae. Characters: Kwak (sunburnt broad-shouldered farm manager), Dallae (young seamstress in faded white jeogori). Setting: earthen-walled storehouse at night under moonlight. Korean animation style, soft cel shading, clean line art, warm muted colors, Joseon dynasty 1730s, no text","곽 마름은 달래를 보자 흠칫하더니 이내 험상궂게 눈을 부라렸습니다 ""이 ","곽 마름은 달래를 보자 흠칫하더니 이내 험상궂게 눈을 부라렸습니다 ""이 밤중에 침모가 여긴 웬일이냐. 썩 들어가!""","곽마름,달래",storehouse_night,"Korean animation style, soft cel shading, clean line art, warm muted colors, Joseon dynasty 1730s",dialogue,11.850,1600.220,1612.070,S013
"a rice sack on Kwak's shoulder, Dallae stepping back. Characters: Kwak (sunburnt broad-shouldered farm manager), Dallae (young seamstress in faded white jeogori). Setting: earthen-walled storehouse at night under moonlight. Korean animation style, soft cel shading, clean line art, warm muted colors, Joseon dynasty 1730s, no text",곽 마름의 어깨에는 쌀자루 하나가 걸려 있었어요 달래는 고개를 숙이고 뒷,곽 마름의 어깨에는 쌀자루 하나가 걸려 있었어요 달래는 고개를 숙이고 뒷걸음질 쳤습니다,"곽마름,달래",storehouse_night,"Korean animation style, soft cel shading, clean line art, warm muted colors, Joseon dynasty 1730s",scene,8.940,1612.070,1621.010,S013
"Dallae back in her room, pulling the blanket over her head. Characters: Dallae (young seamstress in faded white jeogori). Setting: simple servants' quarters room at night, dim. Korean animation style, soft cel shading, clean line art, warm muted colors, Joseon dynasty 1730s, no text","방으로 돌아와 문고리를 걸고 나서도, 가슴이 한참 동안 가라앉지 않았지요","방으로 돌아와 문고리를 걸고 나서도, 가슴이 한참 동안 가라앉지 않았지요 달래는 이불을 머리끝까지 끌어 올렸습니다",달래,servant_room_night,"Korean animation style, soft cel shading, clean line art, warm muted colors, Joseon dynasty 1730s",scene,11.580,1621.010,1632.590,S013
"paper window trembling in the wind at night. Setting: simple servants' quarters room at night, dim. Korean animation style, soft cel shading, clean line art, warm muted colors, Joseon dynasty 1730s, no text",문풍지가 바람에 부르르 떨며 우는 소리가 밤새 이어졌어요,문풍지가 바람에 부르르 떨며 우는 소리가 밤새 이어졌어요,,servant_room_night,"Korean animation style, soft cel shading, clean line art, warm muted colors, Joseon dynasty 1730s",scene,6.130,1632.590,1638.720,S013
"night patrol walking the alley with wooden clappers, a dog in the distance. Setting: Bukchon alley and tiled roofs at night. Korean animation style, soft cel shading, clean line art, warm muted colors, Joseon dynasty 1730s, no text","행랑 쪽에서 개가 두어 번 짖다가 잠잠해졌고, 멀리서 딱딱이를 치며 도는","행랑 쪽에서 개가 두어 번 짖다가 잠잠해졌고, 멀리서 딱딱이를 치며 도는 순라꾼의 소리가 들렸다 사라졌지요",,bukchon_night,"Korean animation style, soft cel shading, clean line art, warm muted colors, Joseon dynasty 1730s",scene,9.590,1638.720,1648.310,S013
"Dallae lying with eyes closed, counting in her mind. Characters: Dallae (young seamstress in faded white jeogori). Setting: simple servants' quarters room at night, dim. Korean animation style, soft cel shading, clean line art, warm muted colors, Joseon dynasty 1730s, no text","달래는 눈을 감은 채, 곳간 앞에서 따라 세던 섬의 수를 처음부터 다시 ","달래는 눈을 감은 채, 곳간 앞에서 따라 세던 섬의 수를 처음부터 다시 세어 보았습니다 몇 번을 세어도 셈은 똑같았어요",달래,servant_room_night,"Korean animation style, soft cel shading, clean line art, warm muted colors, Joseon dynasty 1730s",scene,11.780,1648.310,1660.090,S013
"montage of the ledger, the night cart, and Kwak with a rice sack. Characters: Dallae (young seamstress in faded white jeogori). Setting: simple servants' quarters room at night, dim. Korean animation style, soft cel shading, clean line art, warm muted colors, Joseon dynasty 1730s, no text",장부에서 사라진 서른 섬 한밤중의 달구지 그리고 쌀자루를 멘 곽 마름 모,장부에서 사라진 서른 섬 한밤중의 달구지 그리고 쌀자루를 멘 곽 마름 모든 것이 한 사람을 가리키는 듯했습니다,달래,servant_room_night,"Korean animation style, soft cel shading, clean line art, warm muted colors, Joseon dynasty 1730s",narration,13.090,1660.090,1673.180,S013
"morning, Dallae hesitating with needlework in her hands. Characters: Dallae (young seamstress in faded white jeogori). Setting: small Joseon sewing room with sewing basket, colorful threads, fabrics, paper doors, soft daylight. Korean animation style, soft cel shading, clean line art, warm muted colors, Joseon dynasty 1730s, no text",날이 밝자 달래는 오래 망설였습니다 대감에게 알려야 했어요 하지만 어떻게,날이 밝자 달래는 오래 망설였습니다 대감에게 알려야 했어요 하지만 어떻게 알린단 말입니까,달래,chimbang,"Korean animation style, soft cel shading, clean line art, warm muted colors, Joseon dynasty 1730s",scene,10.320,1673.180,1683.500,S014
"Dallae imagining being questioned by the household. Characters: Dallae (young seamstress in faded white jeogori). Setting: small Joseon sewing room with sewing basket, colorful threads, fabrics, paper doors, soft daylight. Korean animation style, soft cel shading, clean line art, warm muted colors, Joseon dynasty 1730s, no text",입을 열면 말 못 하는 침모가 말을 하게 되는 셈이었습니다 그러면 사람들,"입을 열면 말 못 하는 침모가 말을 하게 되는 셈이었습니다 그러면 사람들은 물을 테지요 너는 누구냐고, 어디서 왔느냐고",달래,chimbang,"Korean animation style, soft cel shading, clean line art, warm muted colors, Joseon dynasty 1730s",narration,11.650,1683.500,1695.150,S014
"Dallae's troubled face, holding a secret. Characters: Dallae (young seamstress in faded white jeogori). Setting: small Joseon sewing room with sewing basket, colorful threads, fabrics, paper doors, soft daylight. Korean animation style, soft cel shading, clean line art, warm muted colors, Joseon dynasty 1730s, no text",그 물음에 답하는 순간 모든 것이 끝이었습니다 달래에게는 누구에게도 밝힐,그 물음에 답하는 순간 모든 것이 끝이었습니다 달래에게는 누구에게도 밝힐 수 없는 이름이 있었으니까요,달래,chimbang,"Korean animation style, soft cel shading, clean line art, warm muted colors, Joseon dynasty 1730s",reaction,9.890,1695.150,1705.040,S014
"Dallae looking at a brush and paper, then turning away. Characters: Dallae (young seamstress in faded white jeogori). Setting: small Joseon sewing room with sewing basket, colorful threads, fabrics, paper doors, soft daylight. Korean animation style, soft cel shading, clean line art, warm muted colors, Joseon dynasty 1730s, no text",글로 써서 알리는 것도 마찬가지였습니다 천한 침모가 장부의 숫자를 읽고 ,"글로 써서 알리는 것도 마찬가지였습니다 천한 침모가 장부의 숫자를 읽고 글을 쓴다면, 그 또한 정체를 드러내는 일이었지요",달래,chimbang,"Korean animation style, soft cel shading, clean line art, warm muted colors, Joseon dynasty 1730s",scene,12.270,1705.040,1717.310,S014
"Dallae sewing a luxurious indigo silk robe. Characters: Dallae (young seamstress in faded white jeogori). Setting: small Joseon sewing room with sewing basket, colorful threads, fabrics, paper doors, soft daylight. Korean animation style, soft cel shading, clean line art, warm muted colors, Joseon dynasty 1730s, no text",마침 달래는 대감의 환갑 잔치에 입을 새 도포를 짓고 있었습니다 환갑은 ,마침 달래는 대감의 환갑 잔치에 입을 새 도포를 짓고 있었습니다 환갑은 이듬해 봄이었지요,달래,chimbang,"Korean animation style, soft cel shading, clean line art, warm muted colors, Joseon dynasty 1730s",scene,9.160,1717.310,1726.470,S014
"indigo silk outer layer and white ramie lining spread out, sewing basket nearby. Characters: Dallae (young seamstress in faded white jeogori). Setting: small Joseon sewing room with sewing basket, colorful threads, fabrics, paper doors, soft daylight. Korean animation style, soft cel shading, clean line art, warm muted colors, Joseon dynasty 1730s, no text","쪽빛 명주로 겉감을 대고, 안감은 흰 모시로 넉넉하게 댈 참이었어요 달래","쪽빛 명주로 겉감을 대고, 안감은 흰 모시로 넉넉하게 댈 참이었어요 달래는 반짇고리를 끌어당겼습니다",달래,chimbang,"Korean animation style, soft cel shading, clean line art, warm muted colors, Joseon dynasty 1730s",scene,11.060,1726.470,1737.530,S014
"Dallae choosing a skein of red thread and a skein of blue thread. Characters: Dallae (young seamstress in faded white jeogori). Setting: small Joseon sewing room with sewing basket, colorful threads, fabrics, paper doors, soft daylight. Korean animation style, soft cel shading, clean line art, warm muted colors, Joseon dynasty 1730s, no text",그리고 붉은 실과 푸른 실을 한 타래씩 골라냈어요 붉은 실은 곳간에 실제,그리고 붉은 실과 푸른 실을 한 타래씩 골라냈어요 붉은 실은 곳간에 실제로 들어온 섬 수 푸른 실은 장부에 적힌 섬 수,달래,chimbang,"Korean animation style, soft cel shading, clean line art, warm muted colors, Joseon dynasty 1730s",scene,13.150,1737.530,1750.680,S014
"close-up of a big knot, small stitches, and a tiny butterfly knot on white lining. Setting: small Joseon sewing room with sewing basket, colorful threads, fabrics, paper doors, soft daylight. Korean animation style, soft cel shading, clean line art, warm muted colors, Joseon dynasty 1730s, no text","열 섬은 굵은 매듭 하나, 한 섬은 가는 땀 하나 그리고 한밤중 뒷문으로","열 섬은 굵은 매듭 하나, 한 섬은 가는 땀 하나 그리고 한밤중 뒷문으로 곡식이 나간 날에는 작은 나비 매듭을 하나 지었습니다",,chimbang,"Korean animation style, soft cel shading, clean line art, warm muted colors, Joseon dynasty 1730s",scene,12.260,1750.680,1762.940,S014
"Dallae hiding stitches inside the robe lining with slip stitches. Characters: Dallae (young seamstress in faded white jeogori). Setting: small Joseon sewing room with sewing basket, colorful threads, fabrics, paper doors, soft daylight. Korean animation style, soft cel shading, clean line art, warm muted colors, Joseon dynasty 1730s, no text","달래는 그것을 새 도포의 안감 속, 겉에서는 절대 보이지 않는 자리에 공","달래는 그것을 새 도포의 안감 속, 겉에서는 절대 보이지 않는 자리에 공그르기로 숨겨 넣기 시작했어요 올가을 추수분부터였습니다",달래,chimbang,"Korean animation style, soft cel shading, clean line art, warm muted colors, Joseon dynasty 1730s",scene,12.860,1762.940,1775.800,S014
"Dallae lowering the lamp wick, struggling to thread a needle. Characters: Dallae (young seamstress in faded white jeogori). Setting: small Joseon sewing room at night lit by a single oil lamp, fabrics and threads. Korean animation style, soft cel shading, clean line art, warm muted colors, Joseon dynasty 1730s, no text","말 대신 바늘로 쓰는 장부였지요 첫 땀을 뜨던 밤, 달래는 등잔 심지를 ","말 대신 바늘로 쓰는 장부였지요 첫 땀을 뜨던 밤, 달래는 등잔 심지를 한껏 낮췄어요 바늘귀에 붉은 실을 꿰는 데만 몇 번을 실패했습니다",달래,chimbang_night,"Korean animation style, soft cel shading, clean line art, warm muted colors, Joseon dynasty 1730s",scene,13.750,1775.800,1789.550,S014
"Dallae carefully making the first stitch inside the lining. Characters: Dallae (young seamstress in faded white jeogori). Setting: small Joseon sewing room at night lit by a single oil lamp, fabrics and threads. Korean animation style, soft cel shading, clean line art, warm muted colors, Joseon dynasty 1730s, no text","손끝이 자꾸만 헛나갔거든요 겨우 실을 꿴 달래는 안감을 조금 벌리고, 첫","손끝이 자꾸만 헛나갔거든요 겨우 실을 꿴 달래는 안감을 조금 벌리고, 첫 땀을 조심스레 떠 넣었지요",달래,chimbang_night,"Korean animation style, soft cel shading, clean line art, warm muted colors, Joseon dynasty 1730s",scene,10.070,1789.550,1799.620,S014
"extreme close-up of thread passing through ramie fabric. Setting: small Joseon sewing room at night lit by a single oil lamp, fabrics and threads. Korean animation style, soft cel shading, clean line art, warm muted colors, Joseon dynasty 1730s, no text","사락, 하고 실이 모시를 스치는 소리가 방 안에 유난히 크게 울렸습니다","사락, 하고 실이 모시를 스치는 소리가 방 안에 유난히 크게 울렸습니다",,chimbang_night,"Korean animation style, soft cel shading, clean line art, warm muted colors, Joseon dynasty 1730s",scene,7.200,1799.620,1806.820,S014
"Dallae stitching and listening to the door alternately. Characters: Dallae (young seamstress in faded white jeogori). Setting: small Joseon sewing room at night lit by a single oil lamp, fabrics and threads. Korean animation style, soft cel shading, clean line art, warm muted colors, Joseon dynasty 1730s, no text","달래는 한 땀을 뜨고 한 번 문밖에 귀를 기울이고, 또 한 땀을 뜨고 한","달래는 한 땀을 뜨고 한 번 문밖에 귀를 기울이고, 또 한 땀을 뜨고 한 번 귀를 기울였어요",달래,chimbang_night,"Korean animation style, soft cel shading, clean line art, warm muted colors, Joseon dynasty 1730s",scene,8.080,1806.820,1814.900,S014
"rooster crowing at dawn, Dallae still sewing. Characters: Dallae (young seamstress in faded white jeogori). Setting: small Joseon sewing room at dawn, pale blue light through paper window, lamp burning low. Korean animation style, soft cel shading, clean line art, warm muted colors, Joseon dynasty 1730s, no text","그렇게 닭이 울 때까지, 바늘은 조금씩 앞으로 나아갔습니다","그렇게 닭이 울 때까지, 바늘은 조금씩 앞으로 나아갔습니다",달래,chimbang_dawn,"Korean animation style, soft cel shading, clean line art, warm muted colors, Joseon dynasty 1730s",scene,6.200,1814.900,1821.100,S014
"the folded robe glowing softly, hidden secret inside. Setting: small Joseon sewing room with sewing basket, colorful threads, fabrics, paper doors, soft daylight. Korean animation style, soft cel shading, clean line art, warm muted colors, Joseon dynasty 1730s, no text","언젠가 이 도포가 대감의 손에서 뜯기는 날이 온다면, 그때는 바늘땀이 달","언젠가 이 도포가 대감의 손에서 뜯기는 날이 온다면, 그때는 바늘땀이 달래 대신 말을 해 줄 것이었습니다",,chimbang,"Korean animation style, soft cel shading, clean line art, warm muted colors, Joseon dynasty 1730s",narration,9.900,1821.100,1831.000,S014
"Dallae sewing by the lamp, red and blue threads beside her. Characters: Dallae (young seamstress in faded white jeogori). Setting: small Joseon sewing room with sewing basket, colorful threads, fabrics, paper doors, soft daylight. Korean animation style, soft cel shading, clean line art, warm muted colors, Joseon dynasty 1730s, no text","말 못 하는 침모가 장부의 비밀을 알아챘고, 그것을 대감의 새 도포 안감","말 못 하는 침모가 장부의 비밀을 알아챘고, 그것을 대감의 새 도포 안감에 바늘로 새기기 시작했습니다",달래,chimbang,"Korean animation style, soft cel shading, clean line art, warm muted colors, Joseon dynasty 1730s",narration,9.560,1831.000,1840.560,S015
"Sundeok-eomeom watching Dallae suspiciously from behind a door. Characters: Sundeok-eomeom (stout kitchen woman in apron). Setting: small Joseon sewing room with sewing basket, colorful threads, fabrics, paper doors, soft daylight. Korean animation style, soft cel shading, clean line art, warm muted colors, Joseon dynasty 1730s, no text","지금 이 사실을 아는 이는, 이 이야기를 듣고 계신 여러분뿐이지요 그런데","지금 이 사실을 아는 이는, 이 이야기를 듣고 계신 여러분뿐이지요 그런데 이 집에는 달래를 유심히 지켜보는 눈이 하나 있었습니다",순덕어멈,chimbang,"Korean animation style, soft cel shading, clean line art, warm muted colors, Joseon dynasty 1730s",scene,12.530,1840.560,1853.090,S015
"Sundeok-eomeom biting her lip jealously. Characters: Sundeok-eomeom (stout kitchen woman in apron). Setting: small Joseon sewing room with sewing basket, colorful threads, fabrics, paper doors, soft daylight. Korean animation style, soft cel shading, clean line art, warm muted colors, Joseon dynasty 1730s, no text","순덕어멈이었어요 대감의 옷이 모조리 달래 손으로 넘어간 뒤로, 순덕어멈은","순덕어멈이었어요 대감의 옷이 모조리 달래 손으로 넘어간 뒤로, 순덕어멈은 속이 편할 날이 없었습니다",순덕어멈,chimbang,"Korean animation style, soft cel shading, clean line art, warm muted colors, Joseon dynasty 1730s",reaction,10.300,1853.090,1863.390,S015
"Sundeok-eomeom rummaging through Dallae's sewing basket while she is at the well. Characters: Sundeok-eomeom (stout kitchen woman in apron). Setting: small Joseon sewing room with sewing basket, colorful threads, fabrics, paper doors, soft daylight. Korean animation style, soft cel shading, clean line art, warm muted colors, Joseon dynasty 1730s, no text","하루는 달래가 우물가에 나간 사이, 순덕어멈이 달래의 반짇고리를 뒤졌어요","하루는 달래가 우물가에 나간 사이, 순덕어멈이 달래의 반짇고리를 뒤졌어요 무엇이라도 꼬투리를 잡고 싶었던 겁니다",순덕어멈,chimbang,"Korean animation style, soft cel shading, clean line art, warm muted colors, Joseon dynasty 1730s",scene,11.320,1863.390,1874.710,S015
"close-up of spools of red and blue thread and knotted strings in the basket. Setting: small Joseon sewing room with sewing basket, colorful threads, fabrics, paper doors, soft daylight. Korean animation style, soft cel shading, clean line art, warm muted colors, Joseon dynasty 1730s, no text","반짇고리 안에는 붉은 실과 푸른 실이 촘촘히 감긴 실패가 있었고, 그 옆","반짇고리 안에는 붉은 실과 푸른 실이 촘촘히 감긴 실패가 있었고, 그 옆에 매듭을 지어 놓은 실 가닥들이 가지런히 놓여 있었지요",,chimbang,"Korean animation style, soft cel shading, clean line art, warm muted colors, Joseon dynasty 1730s",scene,11.740,1874.710,1886.450,S015
"Sundeok-eomeom frowning at the knots, puzzled. Characters: Sundeok-eomeom (stout kitchen woman in apron). Setting: small Joseon sewing room with sewing basket, colorful threads, fabrics, paper doors, soft daylight. Korean animation style, soft cel shading, clean line art, warm muted colors, Joseon dynasty 1730s, no text","순덕어멈은 그것을 이리저리 들여다보았지만, 무슨 뜻인지 알 수가 없었습니","순덕어멈은 그것을 이리저리 들여다보았지만, 무슨 뜻인지 알 수가 없었습니다 ""별 해괴한 짓을 다 하네.""",순덕어멈,chimbang,"Korean animation style, soft cel shading, clean line art, warm muted colors, Joseon dynasty 1730s",dialogue,10.690,1886.450,1897.140,S015
"Sundeok-eomeom walking at night, stopping suddenly. Characters: Sundeok-eomeom (stout kitchen woman in apron). Setting: dark noble mansion courtyard at night, moon behind clouds, tiled roofs. Korean animation style, soft cel shading, clean line art, warm muted colors, Joseon dynasty 1730s, no text","그날 밤, 순덕어멈은 뒷간에 가려고 나섰다가 걸음을 멈췄어요 불 꺼진 침","그날 밤, 순덕어멈은 뒷간에 가려고 나섰다가 걸음을 멈췄어요 불 꺼진 침방 쪽에서 누군가 조용히 걸어 나오고 있었거든요",순덕어멈,courtyard_night,"Korean animation style, soft cel shading, clean line art, warm muted colors, Joseon dynasty 1730s",scene,11.630,1897.140,1908.770,S015
"a slightly bent figure walking slowly out of the dark sewing room, face hidden by clouds over the moon. Setting: dark noble mansion courtyard at night, moon behind clouds, tiled roofs. Korean animation style, soft cel shading, clean line art, warm muted colors, Joseon dynasty 1730s, no text",달이 구름에 가려 얼굴은 보이지 않았습니다 다만 약간 굽은 등과 느릿한 ,"달이 구름에 가려 얼굴은 보이지 않았습니다 다만 약간 굽은 등과 느릿한 걸음걸이가, 노 청지기를 닮아 있었지요",,courtyard_night,"Korean animation style, soft cel shading, clean line art, warm muted colors, Joseon dynasty 1730s",scene,10.770,1908.770,1919.540,S015
"Sundeok-eomeom tilting her head, then turning away. Characters: Sundeok-eomeom (stout kitchen woman in apron). Setting: dark noble mansion courtyard at night, moon behind clouds, tiled roofs. Korean animation style, soft cel shading, clean line art, warm muted colors, Joseon dynasty 1730s, no text","청지기 어른이 이 밤에 침방에서 왜 나올까 순덕어멈은 고개를 갸웃했지만,","청지기 어른이 이 밤에 침방에서 왜 나올까 순덕어멈은 고개를 갸웃했지만, 이내 발길을 돌렸어요",순덕어멈,courtyard_night,"Korean animation style, soft cel shading, clean line art, warm muted colors, Joseon dynasty 1730s",reaction,10.030,1919.540,1929.570,S015
"Sundeok-eomeom walking back hesitantly, hand on her chest. Characters: Sundeok-eomeom (stout kitchen woman in apron). Setting: dark noble mansion courtyard at night, moon behind clouds, tiled roofs. Korean animation style, soft cel shading, clean line art, warm muted colors, Joseon dynasty 1730s, no text","잘못 본 것일 수도 있었고, 괜히 입을 놀렸다가 삼십 년 충복의 눈 밖에","잘못 본 것일 수도 있었고, 괜히 입을 놀렸다가 삼십 년 충복의 눈 밖에 날까 싶었던 겁니다 순덕어멈은 그날 본 것을 가슴속에 묻어 두었습니다",순덕어멈,courtyard_night,"Korean animation style, soft cel shading, clean line art, warm muted colors, Joseon dynasty 1730s",scene,13.440,1929.570,1943.010,S015
"clouds covering the moon over the silent courtyard. Setting: dark noble mansion courtyard at night, moon behind clouds, tiled roofs. Korean animation style, soft cel shading, clean line art, warm muted colors, Joseon dynasty 1730s, no text","그 침묵이 훗날 얼마나 무겁게 돌아올지, 그때는 알지 못했지요","그 침묵이 훗날 얼마나 무겁게 돌아올지, 그때는 알지 못했지요",,courtyard_night,"Korean animation style, soft cel shading, clean line art, warm muted colors, Joseon dynasty 1730s",narration,6.260,1943.010,1949.270,S015
"late winter morning, a broken iron lock on the storehouse door. Setting: earthen-walled storehouse of a Joseon mansion with heavy iron lock, jar terrace nearby, daylight. Korean animation style, soft cel shading, clean line art, warm muted colors, Joseon dynasty 1730s, no text","그해 겨울 끝자락, 사달이 났습니다 곳간 자물쇠가 부서진 채 발견된 거예","그해 겨울 끝자락, 사달이 났습니다 곳간 자물쇠가 부서진 채 발견된 거예요 쌀 두 섬이 사라져 있었지요",,storehouse,"Korean animation style, soft cel shading, clean line art, warm muted colors, Joseon dynasty 1730s",scene,10.630,1949.270,1959.900,S016
"household gathered, Steward No stopping in front of Dallae. Characters: Lord Shim (elderly nobleman with white beard), Steward No (bent old steward in brown robe), Dallae (young seamstress in faded white jeogori). Setting: earthen-walled storehouse of a Joseon mansion with heavy iron lock, jar terrace nearby, daylight. Korean animation style, soft cel shading, clean line art, warm muted colors, Joseon dynasty 1730s, no text",대감은 온 식구를 마당에 불러 모았습니다 노 청지기가 곳간 주변을 살피더,대감은 온 식구를 마당에 불러 모았습니다 노 청지기가 곳간 주변을 살피더니 한 사람 앞에서 걸음을 멈췄어요 달래 앞이었습니다,"심대감,노청지기,달래",storehouse,"Korean animation style, soft cel shading, clean line art, warm muted colors, Joseon dynasty 1730s",scene,12.740,1959.900,1972.640,S016
"Steward No pointing at Dallae's straw shoes with rice bran on the toes. Characters: Steward No (bent old steward in brown robe), Dallae (young seamstress in faded white jeogori). Setting: earthen-walled storehouse of a Joseon mansion with heavy iron lock, jar terrace nearby, daylight. Korean animation style, soft cel shading, clean line art, warm muted colors, Joseon dynasty 1730s, no text","""대감마님, 이것 좀 보십시오."" 노 청지기가 달래의 짚신을 가리켰습니다","""대감마님, 이것 좀 보십시오."" 노 청지기가 달래의 짚신을 가리켰습니다 짚신 코에 하얀 쌀겨가 묻어 있었지요","노청지기,달래",storehouse,"Korean animation style, soft cel shading, clean line art, warm muted colors, Joseon dynasty 1730s",dialogue,10.770,1972.640,1983.410,S016
"servants murmuring, Sundeok-eomeom clapping her hands. Characters: Sundeok-eomeom (stout kitchen woman in apron). Setting: earthen-walled storehouse of a Joseon mansion with heavy iron lock, jar terrace nearby, daylight. Korean animation style, soft cel shading, clean line art, warm muted colors, Joseon dynasty 1730s, no text",식구들이 웅성거렸습니다 순덕어멈이 기다렸다는 듯 손뼉을 쳤어요,식구들이 웅성거렸습니다 순덕어멈이 기다렸다는 듯 손뼉을 쳤어요,순덕어멈,storehouse,"Korean animation style, soft cel shading, clean line art, warm muted colors, Joseon dynasty 1730s",scene,7.220,1983.410,1990.630,S016
"Sundeok-eomeom accusing, Dallae turning pale. Characters: Sundeok-eomeom (stout kitchen woman in apron), Dallae (young seamstress in faded white jeogori). Setting: earthen-walled storehouse of a Joseon mansion with heavy iron lock, jar terrace nearby, daylight. Korean animation style, soft cel shading, clean line art, warm muted colors, Joseon dynasty 1730s, no text","""거봐요. 제가 뭐랬어요. 명주 때부터 어딘가 수상하다 했다니까요."" 달","""거봐요. 제가 뭐랬어요. 명주 때부터 어딘가 수상하다 했다니까요."" 달래의 얼굴이 하얗게 질렸습니다","순덕어멈,달래",storehouse,"Korean animation style, soft cel shading, clean line art, warm muted colors, Joseon dynasty 1730s",dialogue,10.650,1990.630,2001.280,S016
"Lord Shim's gaze resting on Dallae. Characters: Lord Shim (elderly nobleman with white beard), Dallae (young seamstress in faded white jeogori). Setting: earthen-walled storehouse of a Joseon mansion with heavy iron lock, jar terrace nearby, daylight. Korean animation style, soft cel shading, clean line art, warm muted colors, Joseon dynasty 1730s, no text",쌀겨는 어제 부엌에서 방아 찧는 일을 거들다 묻은 것이었어요 하지만 그 ,쌀겨는 어제 부엌에서 방아 찧는 일을 거들다 묻은 것이었어요 하지만 그 말을 할 입이 없었지요 대감의 눈길이 달래에게 오래 머물렀습니다,"심대감,달래",storehouse,"Korean animation style, soft cel shading, clean line art, warm muted colors, Joseon dynasty 1730s",reaction,12.980,2001.280,2014.260,S016
"Lord Shim asking, Juni tugging at his sleeve. Characters: Lord Shim (elderly nobleman with white beard), Steward No (bent old steward in brown robe), Juni (7-year-old noble boy with red ribbon). Setting: earthen-walled storehouse of a Joseon mansion with heavy iron lock, jar terrace nearby, daylight. Korean animation style, soft cel shading, clean line art, warm muted colors, Joseon dynasty 1730s, no text","""자물쇠가 부서진 것은 언제냐?"" ""어젯밤 삼경 무렵으로 보입니다."" 그","""자물쇠가 부서진 것은 언제냐?"" ""어젯밤 삼경 무렵으로 보입니다."" 그때였어요 대감의 소매를 누군가 잡아당겼습니다","심대감,노청지기,준이",storehouse,"Korean animation style, soft cel shading, clean line art, warm muted colors, Joseon dynasty 1730s",dialogue,13.330,2014.260,2027.590,S016
"Juni looking up and speaking earnestly to his grandfather. Characters: Juni (7-year-old noble boy with red ribbon), Lord Shim (elderly nobleman with white beard). Setting: earthen-walled storehouse of a Joseon mansion with heavy iron lock, jar terrace nearby, daylight. Korean animation style, soft cel shading, clean line art, warm muted colors, Joseon dynasty 1730s, no text","준이였지요 ""할아버지, 어젯밤에 달래는 밤새 내 방에 있었어요 나 또 열","준이였지요 ""할아버지, 어젯밤에 달래는 밤새 내 방에 있었어요 나 또 열이 날까 봐 할아버지가 달래더러 곁에 있으라고 했잖아요.""","준이,심대감",storehouse,"Korean animation style, soft cel shading, clean line art, warm muted colors, Joseon dynasty 1730s",dialogue,13.900,2027.590,2041.490,S016
"Lord Shim pausing, remembering. Characters: Lord Shim (elderly nobleman with white beard). Setting: earthen-walled storehouse of a Joseon mansion with heavy iron lock, jar terrace nearby, daylight. Korean animation style, soft cel shading, clean line art, warm muted colors, Joseon dynasty 1730s, no text","대감이 멈칫했습니다 그랬지요 어제 준이가 기침을 해서, 대감이 직접 달래","대감이 멈칫했습니다 그랬지요 어제 준이가 기침을 해서, 대감이 직접 달래를 준이 방에 들여보냈던 겁니다",심대감,storehouse,"Korean animation style, soft cel shading, clean line art, warm muted colors, Joseon dynasty 1730s",reaction,11.610,2041.490,2053.100,S016
"Lord Shim dismissing everyone with a stern voice. Characters: Lord Shim (elderly nobleman with white beard). Setting: earthen-walled storehouse of a Joseon mansion with heavy iron lock, jar terrace nearby, daylight. Korean animation style, soft cel shading, clean line art, warm muted colors, Joseon dynasty 1730s, no text","대감은 한동안 말이 없다가 천천히 입을 열었어요 ""이 일은 내가 다시 알","대감은 한동안 말이 없다가 천천히 입을 열었어요 ""이 일은 내가 다시 알아보겠다. 모두 물러가거라.""",심대감,storehouse,"Korean animation style, soft cel shading, clean line art, warm muted colors, Joseon dynasty 1730s",dialogue,11.180,2053.100,2064.280,S016
"Lord Shim looking long at Dallae as servants disperse. Characters: Lord Shim (elderly nobleman with white beard), Dallae (young seamstress in faded white jeogori). Setting: earthen-walled storehouse of a Joseon mansion with heavy iron lock, jar terrace nearby, daylight. Korean animation style, soft cel shading, clean line art, warm muted colors, Joseon dynasty 1730s, no text",식구들이 흩어지는 동안에도 대감은 달래를 오래 바라보았습니다 그 눈빛에 ,"식구들이 흩어지는 동안에도 대감은 달래를 오래 바라보았습니다 그 눈빛에 무엇이 담겨 있는지는, 대감 자신도 알지 못하는 듯했지요","심대감,달래",storehouse,"Korean animation style, soft cel shading, clean line art, warm muted colors, Joseon dynasty 1730s",reaction,12.960,2064.280,2077.240,S016
"evening, Dallae brushing rice bran off her straw shoes. Characters: Dallae (young seamstress in faded white jeogori). Setting: small Joseon sewing room with sewing basket, colorful threads, fabrics, paper doors, soft daylight. Korean animation style, soft cel shading, clean line art, warm muted colors, Joseon dynasty 1730s, no text",그날 저녁 침방으로 돌아온 달래는 짚신을 벗어 쌀겨를 털어 냈습니다 누군,"그날 저녁 침방으로 돌아온 달래는 짚신을 벗어 쌀겨를 털어 냈습니다 누군가 일부러 묻혀 놓은 것일까, 아니면 정말 부엌에서 묻은 것일까",달래,chimbang,"Korean animation style, soft cel shading, clean line art, warm muted colors, Joseon dynasty 1730s",scene,12.960,2077.240,2090.200,S016
"Dallae deep in thought. Characters: Dallae (young seamstress in faded white jeogori). Setting: small Joseon sewing room with sewing basket, colorful threads, fabrics, paper doors, soft daylight. Korean animation style, soft cel shading, clean line art, warm muted colors, Joseon dynasty 1730s, no text",달래는 알 수 없었어요 다만 마음에 걸리는 것이 하나 있었습니다,달래는 알 수 없었어요 다만 마음에 걸리는 것이 하나 있었습니다,달래,chimbang,"Korean animation style, soft cel shading, clean line art, warm muted colors, Joseon dynasty 1730s",reaction,7.180,2090.200,2097.380,S016
"close-up of a large footprint on the dirt near the broken lock. Setting: earthen-walled storehouse of a Joseon mansion with heavy iron lock, jar terrace nearby, daylight. Korean animation style, soft cel shading, clean line art, warm muted colors, Joseon dynasty 1730s, no text","부서진 자물쇠 곁 흙바닥에, 달래의 짚신보다 한 뼘은 더 큰 발자국 하나","부서진 자물쇠 곁 흙바닥에, 달래의 짚신보다 한 뼘은 더 큰 발자국 하나가 찍혀 있었던 겁니다",,storehouse,"Korean animation style, soft cel shading, clean line art, warm muted colors, Joseon dynasty 1730s",scene,9.480,2097.380,2106.860,S016
"Dallae imagining Kwak's broad shoulders. Characters: Dallae (young seamstress in faded white jeogori). Setting: earthen-walled storehouse of a Joseon mansion with heavy iron lock, jar terrace nearby, daylight. Korean animation style, soft cel shading, clean line art, warm muted colors, Joseon dynasty 1730s, no text",이 집에서 그만한 발을 가진 사내는 몇 되지 않았지요 달래의 머릿속에 곽,이 집에서 그만한 발을 가진 사내는 몇 되지 않았지요 달래의 머릿속에 곽 마름의 넓은 어깨가 다시 떠올랐습니다,달래,storehouse,"Korean animation style, soft cel shading, clean line art, warm muted colors, Joseon dynasty 1730s",narration,10.530,2106.860,2117.390,S016
"Dallae sick in bed, Steward No entering with a medicine packet. Characters: Dallae (young seamstress in faded white jeogori), Steward No (bent old steward in brown robe). Setting: simple servants' quarters room with plain walls and a small window. Korean animation style, soft cel shading, clean line art, warm muted colors, Joseon dynasty 1730s, no text","며칠 뒤, 달래가 몸살로 드러누웠습니다 누명을 쓴 뒤로 밤잠을 설친 탓이","며칠 뒤, 달래가 몸살로 드러누웠습니다 누명을 쓴 뒤로 밤잠을 설친 탓이었지요 그런 달래를 찾아온 것은 뜻밖에도 노 청지기였어요","달래,노청지기",servant_room,"Korean animation style, soft cel shading, clean line art, warm muted colors, Joseon dynasty 1730s",scene,14.000,2117.390,2131.390,S017
"Steward No placing medicine by her pillow with a warm smile. Characters: Steward No (bent old steward in brown robe), Dallae (young seamstress in faded white jeogori). Setting: simple servants' quarters room with plain walls and a small window. Korean animation style, soft cel shading, clean line art, warm muted colors, Joseon dynasty 1730s, no text","노 청지기는 약봉지 하나를 머리맡에 내려놓았습니다 ""먹고 기운 차리게. ","노 청지기는 약봉지 하나를 머리맡에 내려놓았습니다 ""먹고 기운 차리게. 약값은 걱정 말고.""","노청지기,달래",servant_room,"Korean animation style, soft cel shading, clean line art, warm muted colors, Joseon dynasty 1730s",dialogue,11.470,2131.390,2142.860,S017
"Steward No gently stopping her from getting up. Characters: Steward No (bent old steward in brown robe), Dallae (young seamstress in faded white jeogori). Setting: simple servants' quarters room with plain walls and a small window. Korean animation style, soft cel shading, clean line art, warm muted colors, Joseon dynasty 1730s, no text","달래가 몸을 일으키려 하자 노 청지기가 손을 내저었지요 ""누워 있게. 곳","달래가 몸을 일으키려 하자 노 청지기가 손을 내저었지요 ""누워 있게. 곳간 일은 자네 탓이 아닌 줄 나도 아네","노청지기,달래",servant_room,"Korean animation style, soft cel shading, clean line art, warm muted colors, Joseon dynasty 1730s",dialogue,11.210,2142.860,2154.070,S017
"Steward No speaking kindly, sympathetic face. Characters: Steward No (bent old steward in brown robe). Setting: simple servants' quarters room with plain walls and a small window. Korean animation style, soft cel shading, clean line art, warm muted colors, Joseon dynasty 1730s, no text",이 집에 오래 살다 보면 별일이 다 있어. 나도 처음 이 집에 왔을 때는,"이 집에 오래 살다 보면 별일이 다 있어. 나도 처음 이 집에 왔을 때는 억울한 소리 많이 들었지.""",노청지기,servant_room,"Korean animation style, soft cel shading, clean line art, warm muted colors, Joseon dynasty 1730s",dialogue,9.530,2154.070,2163.600,S017
"Steward No patching a drafty paper window with care. Characters: Steward No (bent old steward in brown robe). Setting: simple servants' quarters room with plain walls and a small window. Korean animation style, soft cel shading, clean line art, warm muted colors, Joseon dynasty 1730s, no text","노 청지기는 달래의 이마를 짚어 보고, 바람이 드는 문풍지 틈을 손수 종","노 청지기는 달래의 이마를 짚어 보고, 바람이 드는 문풍지 틈을 손수 종이로 막아 주고 나갔어요 순덕어멈이 그 뒷모습을 보며 혀를 찼습니다",노청지기,servant_room,"Korean animation style, soft cel shading, clean line art, warm muted colors, Joseon dynasty 1730s",scene,12.720,2163.600,2176.320,S017
"Sundeok-eomeom praising Steward No as he leaves. Characters: Sundeok-eomeom (stout kitchen woman in apron). Setting: simple servants' quarters room with plain walls and a small window. Korean animation style, soft cel shading, clean line art, warm muted colors, Joseon dynasty 1730s, no text","""청지기 어른은 참 사람이 좋기도 하지. 저런 것까지 다 챙기시고."" 삼","""청지기 어른은 참 사람이 좋기도 하지. 저런 것까지 다 챙기시고."" 삼십 년 동안 이 집 사람들은 노 청지기를 그렇게 기억하고 있었습니다",순덕어멈,servant_room,"Korean animation style, soft cel shading, clean line art, warm muted colors, Joseon dynasty 1730s",dialogue,13.950,2176.320,2190.270,S017
"Dallae holding the medicine packet for a long time. Characters: Dallae (young seamstress in faded white jeogori). Setting: simple servants' quarters room with plain walls and a small window. Korean animation style, soft cel shading, clean line art, warm muted colors, Joseon dynasty 1730s, no text","누구보다 먼저 일어나고, 누구보다 늦게 잠들며, 아랫사람의 약값까지 챙기","누구보다 먼저 일어나고, 누구보다 늦게 잠들며, 아랫사람의 약값까지 챙기는 어른으로요 달래는 약봉지를 오래 쥐고 있었어요",달래,servant_room,"Korean animation style, soft cel shading, clean line art, warm muted colors, Joseon dynasty 1730s",scene,12.750,2190.270,2203.020,S017
"Dallae setting the medicine packet far from her pillow. Characters: Dallae (young seamstress in faded white jeogori). Setting: simple servants' quarters room with plain walls and a small window. Korean animation style, soft cel shading, clean line art, warm muted colors, Joseon dynasty 1730s, no text","그리고 순덕어멈이 나가자, 약봉지를 머리맡 가장 먼 곳에 가만히 내려놓았","그리고 순덕어멈이 나가자, 약봉지를 머리맡 가장 먼 곳에 가만히 내려놓았지요 약봉지에서는 쌉쌀한 감초 냄새가 났습니다",달래,servant_room,"Korean animation style, soft cel shading, clean line art, warm muted colors, Joseon dynasty 1730s",scene,12.530,2203.020,2215.550,S017
"Dallae looking at the neatly patched paper window. Characters: Dallae (young seamstress in faded white jeogori). Setting: simple servants' quarters room with plain walls and a small window. Korean animation style, soft cel shading, clean line art, warm muted colors, Joseon dynasty 1730s, no text","달래는 멀찍이 놓인 약봉지 너머로, 노 청지기가 막아 준 문풍지를 올려다","달래는 멀찍이 놓인 약봉지 너머로, 노 청지기가 막아 준 문풍지를 올려다보았어요 반듯하게 오려 붙인 종이였지요",달래,servant_room,"Korean animation style, soft cel shading, clean line art, warm muted colors, Joseon dynasty 1730s",scene,11.220,2215.550,2226.770,S017
"Dallae's uneasy expression. Characters: Dallae (young seamstress in faded white jeogori). Setting: simple servants' quarters room with plain walls and a small window. Korean animation style, soft cel shading, clean line art, warm muted colors, Joseon dynasty 1730s, no text",무엇 하나 흠잡을 데 없는 친절이었습니다 그런데 달래는 자꾸만 곳간 앞마,무엇 하나 흠잡을 데 없는 친절이었습니다 그런데 달래는 자꾸만 곳간 앞마당이 떠올랐어요,달래,servant_room,"Korean animation style, soft cel shading, clean line art, warm muted colors, Joseon dynasty 1730s",reaction,9.170,2226.770,2235.940,S017
"memory of Steward No looking at the sky while copying numbers. Characters: Steward No (bent old steward in brown robe). Setting: memory of rice sacks in front of a storehouse, faded warm tone. Korean animation style, soft cel shading, clean line art, warm muted colors, Joseon dynasty 1730s, no text","곽 마름의 수첩을 받아 들고 먼 하늘을 올려다보던, 그 눈길이 말입니다","곽 마름의 수첩을 받아 들고 먼 하늘을 올려다보던, 그 눈길이 말입니다",노청지기,flashback_harvest,"Korean animation style, soft cel shading, clean line art, warm muted colors, Joseon dynasty 1730s",narration,6.490,2235.940,2242.430,S017
"late night, Steward No and Lord Shim talking in lamp light. Characters: Lord Shim (elderly nobleman with white beard), Steward No (bent old steward in brown robe). Setting: Joseon nobleman's study at night lit by an oil lamp, long shadows. Korean animation style, soft cel shading, clean line art, warm muted colors, Joseon dynasty 1730s, no text",그 무렵 사랑채에서는 대감과 노 청지기가 밤늦도록 이야기를 나누고 있었습,"그 무렵 사랑채에서는 대감과 노 청지기가 밤늦도록 이야기를 나누고 있었습니다 ""대감마님, 드리기 어려운 말씀이오나.""","심대감,노청지기",sarangchae_night,"Korean animation style, soft cel shading, clean line art, warm muted colors, Joseon dynasty 1730s",dialogue,12.080,2242.430,2254.510,S018
"Steward No lowering his voice. Characters: Steward No (bent old steward in brown robe). Setting: Joseon nobleman's study at night lit by an oil lamp, long shadows. Korean animation style, soft cel shading, clean line art, warm muted colors, Joseon dynasty 1730s, no text","노 청지기가 목소리를 낮췄어요 ""아무래도 곽 마름이 수상합니다","노 청지기가 목소리를 낮췄어요 ""아무래도 곽 마름이 수상합니다",노청지기,sarangchae_night,"Korean animation style, soft cel shading, clean line art, warm muted colors, Joseon dynasty 1730s",dialogue,6.760,2254.510,2261.270,S018
"Steward No speaking with a worried face. Characters: Steward No (bent old steward in brown robe). Setting: Joseon nobleman's study at night lit by an oil lamp, long shadows. Korean animation style, soft cel shading, clean line art, warm muted colors, Joseon dynasty 1730s, no text","해마다 소출이 준다 하고, 지난가을에는 밤중에 본가 곳간 근처를 서성이는","해마다 소출이 준다 하고, 지난가을에는 밤중에 본가 곳간 근처를 서성이는 걸 본 사람도 있다 합니다",노청지기,sarangchae_night,"Korean animation style, soft cel shading, clean line art, warm muted colors, Joseon dynasty 1730s",dialogue,9.490,2261.270,2270.760,S018
"Lord Shim silent with a long pipe in his mouth. Characters: Lord Shim (elderly nobleman with white beard). Setting: Joseon nobleman's study at night lit by an oil lamp, long shadows. Korean animation style, soft cel shading, clean line art, warm muted colors, Joseon dynasty 1730s, no text","양주 소작인들 사이에서도 인심을 잃었다는 소문이 자자합니다."" 대감은 곰","양주 소작인들 사이에서도 인심을 잃었다는 소문이 자자합니다."" 대감은 곰방대를 문 채 한참 말이 없었습니다",심대감,sarangchae_night,"Korean animation style, soft cel shading, clean line art, warm muted colors, Joseon dynasty 1730s",reaction,11.160,2270.760,2281.920,S018
"Lord Shim and Steward No exchanging words. Characters: Lord Shim (elderly nobleman with white beard), Steward No (bent old steward in brown robe). Setting: Joseon nobleman's study at night lit by an oil lamp, long shadows. Korean animation style, soft cel shading, clean line art, warm muted colors, Joseon dynasty 1730s, no text","""곽 마름은 십 년을 우리 전답을 지켜 온 사람일세."" ""그러니 더 말씀","""곽 마름은 십 년을 우리 전답을 지켜 온 사람일세."" ""그러니 더 말씀드리기가 어려웠습니다. 진작 살피지 못한 제 불찰입니다.""","심대감,노청지기",sarangchae_night,"Korean animation style, soft cel shading, clean line art, warm muted colors, Joseon dynasty 1730s",dialogue,13.380,2281.920,2295.300,S018
"Steward No bowing deeply, Lord Shim sighing. Characters: Lord Shim (elderly nobleman with white beard), Steward No (bent old steward in brown robe). Setting: Joseon nobleman's study at night lit by an oil lamp, long shadows. Korean animation style, soft cel shading, clean line art, warm muted colors, Joseon dynasty 1730s, no text","노 청지기가 고개를 깊이 숙였어요 대감은 긴 한숨을 내쉬었습니다 ""봄이 ","노 청지기가 고개를 깊이 숙였어요 대감은 긴 한숨을 내쉬었습니다 ""봄이 오기 전에 다른 마름을 알아보게.""","심대감,노청지기",sarangchae_night,"Korean animation style, soft cel shading, clean line art, warm muted colors, Joseon dynasty 1730s",dialogue,10.620,2295.300,2305.920,S018
"Steward No's long shadow cast on the wall by a flickering lamp. Characters: Steward No (bent old steward in brown robe). Setting: Joseon nobleman's study at night lit by an oil lamp, long shadows. Korean animation style, soft cel shading, clean line art, warm muted colors, Joseon dynasty 1730s, no text",노 청지기는 다시 한번 깊이 허리를 굽혔습니다 등잔불이 흔들리며 청지기의,노 청지기는 다시 한번 깊이 허리를 굽혔습니다 등잔불이 흔들리며 청지기의 그림자를 사랑채 벽에 길게 드리웠어요,노청지기,sarangchae_night,"Korean animation style, soft cel shading, clean line art, warm muted colors, Joseon dynasty 1730s",scene,11.940,2305.920,2317.860,S018
"Lord Shim tapping his pipe, staring at it. Characters: Lord Shim (elderly nobleman with white beard). Setting: Joseon nobleman's study at night lit by an oil lamp, long shadows. Korean animation style, soft cel shading, clean line art, warm muted colors, Joseon dynasty 1730s, no text","대감은 곰방대를 재떨이에 탁탁 털고는, 오래도록 꺼진 담뱃대만 내려다보았","대감은 곰방대를 재떨이에 탁탁 털고는, 오래도록 꺼진 담뱃대만 내려다보았지요 십 년을 믿어 온 사람을 내치는 일이 가볍지는 않았던 겁니다",심대감,sarangchae_night,"Korean animation style, soft cel shading, clean line art, warm muted colors, Joseon dynasty 1730s",scene,13.160,2317.860,2331.020,S018
"outside the paper window, Dallae holding a bowl and freezing. Characters: Dallae (young seamstress in faded white jeogori). Setting: Joseon nobleman's study at night lit by an oil lamp, long shadows. Korean animation style, soft cel shading, clean line art, warm muted colors, Joseon dynasty 1730s, no text","대감의 그 말이 떨어지던 순간, 사랑채 창밖에서 작은 그림자 하나가 움찔","대감의 그 말이 떨어지던 순간, 사랑채 창밖에서 작은 그림자 하나가 움찔했습니다 숭늉을 들고 왔다가 발을 멈춘 달래였지요",달래,sarangchae_night,"Korean animation style, soft cel shading, clean line art, warm muted colors, Joseon dynasty 1730s",scene,12.080,2331.020,2343.100,S018
"Dallae unable to move away. Characters: Dallae (young seamstress in faded white jeogori). Setting: Joseon nobleman's study at night lit by an oil lamp, long shadows. Korean animation style, soft cel shading, clean line art, warm muted colors, Joseon dynasty 1730s, no text",곽 마름이 쫓겨나게 생겼습니다 달래가 가장 의심하던 바로 그 사람이었어요,곽 마름이 쫓겨나게 생겼습니다 달래가 가장 의심하던 바로 그 사람이었어요 그런데 이상하게도 달래의 발은 쉬이 떨어지지 않았습니다,달래,sarangchae_night,"Korean animation style, soft cel shading, clean line art, warm muted colors, Joseon dynasty 1730s",reaction,13.140,2343.100,2356.240,S018
"Dallae standing in the cold courtyard, something not adding up. Characters: Dallae (young seamstress in faded white jeogori). Setting: Joseon nobleman's study at night lit by an oil lamp, long shadows. Korean animation style, soft cel shading, clean line art, warm muted colors, Joseon dynasty 1730s, no text",어딘가 셈이 맞지 않는 느낌이 자꾸만 발목을 붙잡았지요,어딘가 셈이 맞지 않는 느낌이 자꾸만 발목을 붙잡았지요,달래,sarangchae_night,"Korean animation style, soft cel shading, clean line art, warm muted colors, Joseon dynasty 1730s",narration,5.530,2356.240,2361.770,S018
"early spring, Dallae walking to the market on an errand. Characters: Dallae (young seamstress in faded white jeogori). Setting: narrow Bukchon alley in Hanyang lined with tiled walls. Korean animation style, soft cel shading, clean line art, warm muted colors, Joseon dynasty 1730s, no text","이른 봄, 달래는 대감 마님의 심부름으로 장터에 나갔습니다 바늘과 색실을","이른 봄, 달래는 대감 마님의 심부름으로 장터에 나갔습니다 바늘과 색실을 사러 가는 길이었지요",달래,bukchon_street,"Korean animation style, soft cel shading, clean line art, warm muted colors, Joseon dynasty 1730s",scene,9.420,2361.770,2371.190,S019
"bustling early spring market full of people. Setting: bustling Joseon market street with stalls and people, early spring. Korean animation style, soft cel shading, clean line art, warm muted colors, Joseon dynasty 1730s, no text",이른 봄 장터는 겨우내 움츠렸던 사람들로 북적였습니다,이른 봄 장터는 겨우내 움츠렸던 사람들로 북적였습니다,,market,"Korean animation style, soft cel shading, clean line art, warm muted colors, Joseon dynasty 1730s",scene,5.730,2371.190,2376.920,S019
"taffy seller's scissors clacking, spring greens piled on stalls. Characters: Dallae (young seamstress in faded white jeogori). Setting: bustling Joseon market street with stalls and people, early spring. Korean animation style, soft cel shading, clean line art, warm muted colors, Joseon dynasty 1730s, no text","엿장수의 가위 소리가 짤깍짤깍 울리고, 좌판마다 냉이며 달래며 봄나물이 ","엿장수의 가위 소리가 짤깍짤깍 울리고, 좌판마다 냉이며 달래며 봄나물이 소복소복 쌓여 있었어요",달래,market,"Korean animation style, soft cel shading, clean line art, warm muted colors, Joseon dynasty 1730s",scene,9.650,2376.920,2386.570,S019
"Dallae pausing before a basket of wild chives at a market stall. Characters: Dallae (young seamstress in faded white jeogori). Setting: bustling Joseon market street with stalls and people, early spring. Korean animation style, soft cel shading, clean line art, warm muted colors, Joseon dynasty 1730s, no text",달래는 좌판 끝에 놓인 달래 한 소쿠리 앞에서 잠시 걸음을 멈췄습니다 제,달래는 좌판 끝에 놓인 달래 한 소쿠리 앞에서 잠시 걸음을 멈췄습니다 제 이름과 같은 나물이었지요,달래,market,"Korean animation style, soft cel shading, clean line art, warm muted colors, Joseon dynasty 1730s",scene,10.020,2386.570,2396.590,S019
"warm memory of a mother cooking chive soybean stew in a spring kitchen. Setting: modest scholar's house in Joseon, soft faded memory tone. Korean animation style, soft cel shading, clean line art, warm muted colors, Joseon dynasty 1730s, no text","어린 시절 어머니가 달래 된장국을 끓여 주던 봄날이, 흙냄새처럼 코끝에 ","어린 시절 어머니가 달래 된장국을 끓여 주던 봄날이, 흙냄새처럼 코끝에 스쳤습니다 장터 끝 허름한 초가 앞에서 달래는 걸음을 멈췄어요",,flashback_home,"Korean animation style, soft cel shading, clean line art, warm muted colors, Joseon dynasty 1730s",narration,12.630,2396.590,2409.220,S019
"at the edge of the market, a familiar broad back in front of a shabby thatched hut. Characters: Kwak (sunburnt broad-shouldered farm manager). Setting: shabby thatched hut at the edge of a Joseon market. Korean animation style, soft cel shading, clean line art, warm muted colors, Joseon dynasty 1730s, no text",낯익은 넓은 등이 보였거든요 곽 마름이었습니다 새 마름을 들이기 전에 양,낯익은 넓은 등이 보였거든요 곽 마름이었습니다 새 마름을 들이기 전에 양주 일을 넘기러 올라와 있던 참이었지요,곽마름,market_hut,"Korean animation style, soft cel shading, clean line art, warm muted colors, Joseon dynasty 1730s",scene,11.490,2409.220,2420.710,S019
"Kwak setting down a rice sack at the hut door, a thin woman and three children crawling out. Characters: Kwak (sunburnt broad-shouldered farm manager). Setting: shabby thatched hut at the edge of a Joseon market. Korean animation style, soft cel shading, clean line art, warm muted colors, Joseon dynasty 1730s, no text",곽 마름은 초가 문간에 쌀자루 하나를 내려놓고 있었어요 방 안에서는 뼈만,곽 마름은 초가 문간에 쌀자루 하나를 내려놓고 있었어요 방 안에서는 뼈만 남은 아낙과 아이 셋이 엉금엉금 기어 나왔습니다,곽마름,market_hut,"Korean animation style, soft cel shading, clean line art, warm muted colors, Joseon dynasty 1730s",scene,12.590,2420.710,2433.300,S019
"Kwak speaking gruffly to the grateful starving woman. Characters: Kwak (sunburnt broad-shouldered farm manager). Setting: shabby thatched hut at the edge of a Joseon market. Korean animation style, soft cel shading, clean line art, warm muted colors, Joseon dynasty 1730s, no text","""작년 흉년에 소작료를 다 못 냈다고 쫓겨난 집일세. 이거 먹고 봄까지만","""작년 흉년에 소작료를 다 못 냈다고 쫓겨난 집일세. 이거 먹고 봄까지만 버티게."" ""마름 나리, 이 은혜를 어찌 갚으라고요.""",곽마름,market_hut,"Korean animation style, soft cel shading, clean line art, warm muted colors, Joseon dynasty 1730s",dialogue,13.590,2433.300,2446.890,S019
"Kwak waving off the thanks with a stern face. Characters: Kwak (sunburnt broad-shouldered farm manager). Setting: shabby thatched hut at the edge of a Joseon market. Korean animation style, soft cel shading, clean line art, warm muted colors, Joseon dynasty 1730s, no text","""은혜는 무슨. 내 몫으로 받은 쌀이니 누가 뭐라 할 것도 없네","""은혜는 무슨. 내 몫으로 받은 쌀이니 누가 뭐라 할 것도 없네",곽마름,market_hut,"Korean animation style, soft cel shading, clean line art, warm muted colors, Joseon dynasty 1730s",dialogue,6.760,2446.890,2453.650,S019
"Kwak turning away brusquely. Characters: Kwak (sunburnt broad-shouldered farm manager). Setting: shabby thatched hut at the edge of a Joseon market. Korean animation style, soft cel shading, clean line art, warm muted colors, Joseon dynasty 1730s, no text",대신 입 다물고 있게. 내가 무른 사람으로 소문나면 소작료 걷기 어려워.,"대신 입 다물고 있게. 내가 무른 사람으로 소문나면 소작료 걷기 어려워."" 곽 마름은 퉁명스럽게 돌아섰어요",곽마름,market_hut,"Korean animation style, soft cel shading, clean line art, warm muted colors, Joseon dynasty 1730s",scene,11.440,2453.650,2465.090,S019
"Kwak meeting Dallae's eyes, his face turning red to the ears. Characters: Kwak (sunburnt broad-shouldered farm manager), Dallae (young seamstress in faded white jeogori). Setting: shabby thatched hut at the edge of a Joseon market. Korean animation style, soft cel shading, clean line art, warm muted colors, Joseon dynasty 1730s, no text",그러다 달래와 눈이 딱 마주쳤습니다 곽 마름의 얼굴이 귀밑까지 벌겋게 달,"그러다 달래와 눈이 딱 마주쳤습니다 곽 마름의 얼굴이 귀밑까지 벌겋게 달아올랐지요 ""보, 보긴 뭘 봐.""","곽마름,달래",market_hut,"Korean animation style, soft cel shading, clean line art, warm muted colors, Joseon dynasty 1730s",reaction,11.670,2465.090,2476.760,S019
"Kwak coughing and pressing his coat, worn notebooks poking out. Characters: Kwak (sunburnt broad-shouldered farm manager). Setting: shabby thatched hut at the edge of a Joseon market. Korean animation style, soft cel shading, clean line art, warm muted colors, Joseon dynasty 1730s, no text",곽 마름은 헛기침을 하며 품속을 꾹 눌렀습니다 그 바람에 손때 묻은 수첩,곽 마름은 헛기침을 하며 품속을 꾹 눌렀습니다 그 바람에 손때 묻은 수첩 두어 권이 한꺼번에 삐죽 고개를 내밀었어요,곽마름,market_hut,"Korean animation style, soft cel shading, clean line art, warm muted colors, Joseon dynasty 1730s",scene,11.690,2476.760,2488.450,S019
"Kwak showing the notebooks awkwardly. Characters: Kwak (sunburnt broad-shouldered farm manager), Dallae (young seamstress in faded white jeogori). Setting: shabby thatched hut at the edge of a Joseon market. Korean animation style, soft cel shading, clean line art, warm muted colors, Joseon dynasty 1730s, no text","""이거? 소작인들한테 받은 걸 한 톨도 틀리지 않게 적어 둔 거다","""이거? 소작인들한테 받은 걸 한 톨도 틀리지 않게 적어 둔 거다","곽마름,달래",market_hut,"Korean animation style, soft cel shading, clean line art, warm muted colors, Joseon dynasty 1730s",dialogue,5.770,2488.450,2494.220,S019
"close-up of three worn notebooks in Kwak's rough hands. Characters: Kwak (sunburnt broad-shouldered farm manager). Setting: shabby thatched hut at the edge of a Joseon market. Korean animation style, soft cel shading, clean line art, warm muted colors, Joseon dynasty 1730s, no text",올해 것만이 아니야. 세 해 치를 다 갖고 다니지. 나중에 누가 딴소리하,"올해 것만이 아니야. 세 해 치를 다 갖고 다니지. 나중에 누가 딴소리하면 들이밀려고.""",곽마름,market_hut,"Korean animation style, soft cel shading, clean line art, warm muted colors, Joseon dynasty 1730s",dialogue,9.220,2494.220,2503.440,S019
"memory of Kwak with a rice sack at night, now revealed as food for the poor. Characters: Kwak (sunburnt broad-shouldered farm manager). Setting: earthen-walled storehouse at night under moonlight. Korean animation style, soft cel shading, clean line art, warm muted colors, Joseon dynasty 1730s, no text","지난가을 그 밤, 곳간 곁에서 곽 마름이 메고 있던 쌀자루 그것은 굶는 ","지난가을 그 밤, 곳간 곁에서 곽 마름이 메고 있던 쌀자루 그것은 굶는 집으로 가던 쌀이었던 겁니다",곽마름,storehouse_night,"Korean animation style, soft cel shading, clean line art, warm muted colors, Joseon dynasty 1730s",narration,9.710,2503.440,2513.150,S019
"the night cart disappearing into darkness, a mystery. Setting: back gate of a Joseon mansion half open at night, dark alley beyond. Korean animation style, soft cel shading, clean line art, warm muted colors, Joseon dynasty 1730s, no text","그렇다면 한밤중 뒷문으로 나간 달구지는, 누구의 것이었을까요","그렇다면 한밤중 뒷문으로 나간 달구지는, 누구의 것이었을까요",,back_gate_night,"Korean animation style, soft cel shading, clean line art, warm muted colors, Joseon dynasty 1730s",narration,6.190,2513.150,2519.340,S019
"Dallae sewing, lost in thought. Characters: Dallae (young seamstress in faded white jeogori). Setting: small Joseon sewing room with sewing basket, colorful threads, fabrics, paper doors, soft daylight. Korean animation style, soft cel shading, clean line art, warm muted colors, Joseon dynasty 1730s, no text",이야기가 어느덧 반을 넘었습니다 달래는 장부에서 쌀이 사라진다는 것을 알,"이야기가 어느덧 반을 넘었습니다 달래는 장부에서 쌀이 사라진다는 것을 알았고,",달래,chimbang,"Korean animation style, soft cel shading, clean line art, warm muted colors, Joseon dynasty 1730s",narration,7.420,2519.340,2526.760,S020
"Dallae stopping her needle, pondering who the real thief is. Characters: Dallae (young seamstress in faded white jeogori). Setting: small Joseon sewing room with sewing basket, colorful threads, fabrics, paper doors, soft daylight. Korean animation style, soft cel shading, clean line art, warm muted colors, Joseon dynasty 1730s, no text",가장 의심하던 곽 마름이 오히려 굶는 이들을 몰래 돕는 사람이라는 것을 ,가장 의심하던 곽 마름이 오히려 굶는 이들을 몰래 돕는 사람이라는 것을 알게 되었지요 그렇다면 진짜 도둑은 누구일까요,달래,chimbang,"Korean animation style, soft cel shading, clean line art, warm muted colors, Joseon dynasty 1730s",narration,11.400,2526.760,2538.160,S020
"servants gossiping in the servants' quarters. Setting: simple servants' quarters room with plain walls and a small window. Korean animation style, soft cel shading, clean line art, warm muted colors, Joseon dynasty 1730s, no text","그 무렵 집 안에는 이런저런 소문이 돌기 시작했어요 ""노 청지기 어른이 ","그 무렵 집 안에는 이런저런 소문이 돌기 시작했어요 ""노 청지기 어른이 고향에 논을 좀 샀다며?""",,servant_room,"Korean animation style, soft cel shading, clean line art, warm muted colors, Joseon dynasty 1730s",scene,9.150,2538.160,2547.310,S020
"servants laughing it off. Setting: simple servants' quarters room with plain walls and a small window. Korean animation style, soft cel shading, clean line art, warm muted colors, Joseon dynasty 1730s, no text","""아이고, 삼십 년을 모았으면 그만한 땅이야 사고도 남지."" 행랑 사람들","""아이고, 삼십 년을 모았으면 그만한 땅이야 사고도 남지."" 행랑 사람들은 대수롭지 않게 웃어넘겼습니다",,servant_room,"Korean animation style, soft cel shading, clean line art, warm muted colors, Joseon dynasty 1730s",scene,10.610,2547.310,2557.920,S020
"busy Mapo river dock with rice merchants and boats loaded with rice sacks. Setting: Mapo river dock in Hanyang with rice boats and merchants. Korean animation style, soft cel shading, clean line art, warm muted colors, Joseon dynasty 1730s, no text",또 이런 이야기도 있었지요 마포 나루에 쌀을 사고파는 미전 상인들이 있는,"또 이런 이야기도 있었지요 마포 나루에 쌀을 사고파는 미전 상인들이 있는데, 요즘 북촌 어느 댁에서 나오는 쌀이 헐값에 넘어간다는 겁니다",,mapo_dock,"Korean animation style, soft cel shading, clean line art, warm muted colors, Joseon dynasty 1730s",scene,12.680,2557.920,2570.600,S020
"Sundeok-eomeom working silently in the kitchen, unusually quiet. Characters: Sundeok-eomeom (stout kitchen woman in apron). Setting: Joseon mansion kitchen with iron cauldrons, clay stove, firewood, steam. Korean animation style, soft cel shading, clean line art, warm muted colors, Joseon dynasty 1730s, no text","""북촌에 대갓집이 한둘인가. 뉘 집 쌀인지 누가 알아."" 순덕어멈은 요즘","""북촌에 대갓집이 한둘인가. 뉘 집 쌀인지 누가 알아."" 순덕어멈은 요즘 들어 부쩍 말수가 줄어 있었어요",순덕어멈,kitchen,"Korean animation style, soft cel shading, clean line art, warm muted colors, Joseon dynasty 1730s",scene,11.350,2570.600,2581.950,S020
"Sundeok-eomeom slipping away into the kitchen when the storehouse is mentioned. Characters: Sundeok-eomeom (stout kitchen woman in apron). Setting: Joseon mansion kitchen with iron cauldrons, clay stove, firewood, steam. Korean animation style, soft cel shading, clean line art, warm muted colors, Joseon dynasty 1730s, no text",곳간 이야기만 나오면 슬그머니 부엌으로 자리를 피했지요 그 모습을 보고 ,곳간 이야기만 나오면 슬그머니 부엌으로 자리를 피했지요 그 모습을 보고 수군거리는 사람도 있었습니다,순덕어멈,kitchen,"Korean animation style, soft cel shading, clean line art, warm muted colors, Joseon dynasty 1730s",scene,10.350,2581.950,2592.300,S020
"Dallae listening to rumors while sewing. Characters: Dallae (young seamstress in faded white jeogori). Setting: small Joseon sewing room with sewing basket, colorful threads, fabrics, paper doors, soft daylight. Korean animation style, soft cel shading, clean line art, warm muted colors, Joseon dynasty 1730s, no text",찬모가 저리 안절부절못하는 걸 보니 무언가 아는 게 있는 모양이라고요 달,찬모가 저리 안절부절못하는 걸 보니 무언가 아는 게 있는 모양이라고요 달래는 그 소문들을 바느질하며 가만히 들었어요,달래,chimbang,"Korean animation style, soft cel shading, clean line art, warm muted colors, Joseon dynasty 1730s",scene,10.710,2592.300,2603.010,S020
"Dallae's thoughtful face, nothing certain yet. Characters: Dallae (young seamstress in faded white jeogori). Setting: small Joseon sewing room with sewing basket, colorful threads, fabrics, paper doors, soft daylight. Korean animation style, soft cel shading, clean line art, warm muted colors, Joseon dynasty 1730s, no text","어느 것도 딱 떨어지는 증거는 아니었습니다 청지기의 논도, 마포의 쌀도,","어느 것도 딱 떨어지는 증거는 아니었습니다 청지기의 논도, 마포의 쌀도, 순덕어멈의 굳은 얼굴도, 전혀 다른 이야기일 수 있었지요",달래,chimbang,"Korean animation style, soft cel shading, clean line art, warm muted colors, Joseon dynasty 1730s",reaction,12.830,2603.010,2615.840,S020
"Lord Shim silently standing outside the sewing room door watching Dallae sew. Characters: Lord Shim (elderly nobleman with white beard), Dallae (young seamstress in faded white jeogori). Setting: small Joseon sewing room with sewing basket, colorful threads, fabrics, paper doors, soft daylight. Korean animation style, soft cel shading, clean line art, warm muted colors, Joseon dynasty 1730s, no text",그 무렵 대감은 가끔 말없이 침방 앞을 지나가곤 했습니다 어떤 날은 문 ,"그 무렵 대감은 가끔 말없이 침방 앞을 지나가곤 했습니다 어떤 날은 문 앞에 한참 서서, 달래가 바늘을 놀리는 모습을 지켜보다 돌아갔지요","심대감,달래",chimbang,"Korean animation style, soft cel shading, clean line art, warm muted colors, Joseon dynasty 1730s",scene,13.360,2615.840,2629.200,S020
"close-up of Dallae licking the thread tip and tilting her head as she finishes a stitch. Characters: Dallae (young seamstress in faded white jeogori). Setting: small Joseon sewing room with sewing basket, colorful threads, fabrics, paper doors, soft daylight. Korean animation style, soft cel shading, clean line art, warm muted colors, Joseon dynasty 1730s, no text","바늘을 쥐는 손목의 각도, 실 끝을 입술로 축이는 버릇, 땀을 마무리할 ","바늘을 쥐는 손목의 각도, 실 끝을 입술로 축이는 버릇, 땀을 마무리할 때 살짝 고개를 기울이는 모양새",달래,chimbang,"Korean animation style, soft cel shading, clean line art, warm muted colors, Joseon dynasty 1730s",scene,10.310,2629.200,2639.510,S020
"Lord Shim shaking his head as if erasing a memory, walking back. Characters: Lord Shim (elderly nobleman with white beard). Setting: small Joseon sewing room with sewing basket, colorful threads, fabrics, paper doors, soft daylight. Korean animation style, soft cel shading, clean line art, warm muted colors, Joseon dynasty 1730s, no text",대감은 그 모습에서 누군가를 떠올리는 듯했습니다 하지만 떠오른 얼굴을 애,"대감은 그 모습에서 누군가를 떠올리는 듯했습니다 하지만 떠오른 얼굴을 애써 지우려는 듯, 늘 고개를 저으며 사랑채로 돌아갔어요",심대감,chimbang,"Korean animation style, soft cel shading, clean line art, warm muted colors, Joseon dynasty 1730s",reaction,12.290,2639.510,2651.800,S020
"Kwak unpacking in the servants' quarters, Juni running to him. Characters: Kwak (sunburnt broad-shouldered farm manager), Juni (7-year-old noble boy with red ribbon). Setting: simple servants' quarters room with plain walls and a small window. Korean animation style, soft cel shading, clean line art, warm muted colors, Joseon dynasty 1730s, no text","며칠 뒤, 곽 마름이 양주 일을 정리하려고 다시 본가에 올라왔습니다 행랑","며칠 뒤, 곽 마름이 양주 일을 정리하려고 다시 본가에 올라왔습니다 행랑방에 짐을 푼 곽 마름에게 준이가 쪼르르 달려갔어요","곽마름,준이",servant_room,"Korean animation style, soft cel shading, clean line art, warm muted colors, Joseon dynasty 1730s",scene,12.380,2651.800,2664.180,S021
"Juni asking Kwak eagerly. Characters: Juni (7-year-old noble boy with red ribbon), Kwak (sunburnt broad-shouldered farm manager). Setting: simple servants' quarters room with plain walls and a small window. Korean animation style, soft cel shading, clean line art, warm muted colors, Joseon dynasty 1730s, no text","""마름 아저씨, 셈책 구경시켜 줘요. 할아버지가 그러는데 아저씨 셈책은 ","""마름 아저씨, 셈책 구경시켜 줘요. 할아버지가 그러는데 아저씨 셈책은 한 톨도 안 틀린대요.""","준이,곽마름",servant_room,"Korean animation style, soft cel shading, clean line art, warm muted colors, Joseon dynasty 1730s",dialogue,10.290,2664.180,2674.470,S021
"memory: Dallae asking Juni with gestures the night before. Characters: Dallae (young seamstress in faded white jeogori), Juni (7-year-old noble boy with red ribbon). Setting: small Joseon sewing room at night lit by a single oil lamp, fabrics and threads. Korean animation style, soft cel shading, clean line art, warm muted colors, Joseon dynasty 1730s, no text",사실은 달래가 전날 밤 준이에게 손짓으로 부탁해 둔 일이었습니다 준이는 ,사실은 달래가 전날 밤 준이에게 손짓으로 부탁해 둔 일이었습니다 준이는 새끼손가락 약속을 지키는 아이였지요,"달래,준이",chimbang_night,"Korean animation style, soft cel shading, clean line art, warm muted colors, Joseon dynasty 1730s",narration,10.660,2674.470,2685.130,S021
"Kwak scratching his head shyly, spreading three notebooks on the wooden floor. Characters: Kwak (sunburnt broad-shouldered farm manager), Juni (7-year-old noble boy with red ribbon). Setting: simple servants' quarters room with plain walls and a small window. Korean animation style, soft cel shading, clean line art, warm muted colors, Joseon dynasty 1730s, no text",곽 마름은 쑥스러운 듯 뒷머리를 긁더니 수첩 세 권을 행랑 마루에 펼쳤어,곽 마름은 쑥스러운 듯 뒷머리를 긁더니 수첩 세 권을 행랑 마루에 펼쳤어요,"곽마름,준이",servant_room,"Korean animation style, soft cel shading, clean line art, warm muted colors, Joseon dynasty 1730s",scene,7.130,2685.130,2692.260,S021
"Kwak pointing at the notebooks for Juni. Characters: Kwak (sunburnt broad-shouldered farm manager), Juni (7-year-old noble boy with red ribbon). Setting: simple servants' quarters room with plain walls and a small window. Korean animation style, soft cel shading, clean line art, warm muted colors, Joseon dynasty 1730s, no text","""자, 봐라. 이게 재작년, 이게 작년, 이게 올해 것이다. 이 집에서 ","""자, 봐라. 이게 재작년, 이게 작년, 이게 올해 것이다. 이 집에서 몇 섬, 저 집에서 몇 섬.""","곽마름,준이",servant_room,"Korean animation style, soft cel shading, clean line art, warm muted colors, Joseon dynasty 1730s",dialogue,11.960,2692.260,2704.220,S021
"Dallae sewing beside Juni, her eyes secretly following the numbers. Characters: Dallae (young seamstress in faded white jeogori), Juni (7-year-old noble boy with red ribbon), Kwak (sunburnt broad-shouldered farm manager). Setting: simple servants' quarters room with plain walls and a small window. Korean animation style, soft cel shading, clean line art, warm muted colors, Joseon dynasty 1730s, no text",준이 곁에서 바느질감을 무릎에 올린 달래가 조용히 고개를 숙였습니다 하지,준이 곁에서 바느질감을 무릎에 올린 달래가 조용히 고개를 숙였습니다 하지만 달래의 눈은 바늘이 아니라 수첩의 숫자를 따라가고 있었지요,"달래,준이,곽마름",servant_room,"Korean animation style, soft cel shading, clean line art, warm muted colors, Joseon dynasty 1730s",scene,12.180,2704.220,2716.400,S021
"night, Juni standing watch at the men's quarters door. Characters: Dallae (young seamstress in faded white jeogori), Juni (7-year-old noble boy with red ribbon). Setting: Joseon nobleman's study at night lit by an oil lamp, long shadows. Korean animation style, soft cel shading, clean line art, warm muted colors, Joseon dynasty 1730s, no text",그날 밤 달래는 사랑채의 묵은 추수기를 꺼내 볼 때를 기다렸어요 대감이 ,"그날 밤 달래는 사랑채의 묵은 추수기를 꺼내 볼 때를 기다렸어요 대감이 잠든 틈에, 준이가 사랑채 문 앞에서 망을 보았습니다","달래,준이",sarangchae_night,"Korean animation style, soft cel shading, clean line art, warm muted colors, Joseon dynasty 1730s",scene,11.720,2716.400,2728.120,S021
"Dallae stepping carefully in socks on the creaking wooden floor. Characters: Dallae (young seamstress in faded white jeogori). Setting: Joseon nobleman's study at night lit by an oil lamp, long shadows. Korean animation style, soft cel shading, clean line art, warm muted colors, Joseon dynasty 1730s, no text",사랑채 마루는 발을 디딜 때마다 삐걱 소리를 냈어요 달래는 버선발로 마루,사랑채 마루는 발을 디딜 때마다 삐걱 소리를 냈어요 달래는 버선발로 마루 귀퉁이만 골라 디뎠습니다,달래,sarangchae_night,"Korean animation style, soft cel shading, clean line art, warm muted colors, Joseon dynasty 1730s",scene,9.710,2728.120,2737.830,S021
"Juni sitting against a pillar with wide eyes guarding the courtyard. Characters: Juni (7-year-old noble boy with red ribbon). Setting: Joseon nobleman's study at night lit by an oil lamp, long shadows. Korean animation style, soft cel shading, clean line art, warm muted colors, Joseon dynasty 1730s, no text",문지방 너머에서는 대감의 고른 숨소리가 들렸지요 준이는 문 앞 기둥에 등,"문지방 너머에서는 대감의 고른 숨소리가 들렸지요 준이는 문 앞 기둥에 등을 붙이고 앉아, 눈을 동그랗게 뜬 채 마당 쪽을 지켰습니다",준이,sarangchae_night,"Korean animation style, soft cel shading, clean line art, warm muted colors, Joseon dynasty 1730s",scene,12.750,2737.830,2750.580,S021
"Dallae turning pages of old ledgers under a single lamp. Characters: Dallae (young seamstress in faded white jeogori). Setting: Joseon nobleman's study at night lit by an oil lamp, long shadows. Korean animation style, soft cel shading, clean line art, warm muted colors, Joseon dynasty 1730s, no text",누가 오면 기침을 두 번 하기로 한 약속이었어요 달래는 등잔 하나를 켜고,"누가 오면 기침을 두 번 하기로 한 약속이었어요 달래는 등잔 하나를 켜고 두 해 전, 세 해 전의 추수기를 넘겼습니다",달래,sarangchae_night,"Korean animation style, soft cel shading, clean line art, warm muted colors, Joseon dynasty 1730s",scene,10.860,2750.580,2761.440,S021
"close-up of her finger comparing numbers in old ledgers. Characters: Dallae (young seamstress in faded white jeogori). Setting: Joseon nobleman's study at night lit by an oil lamp, long shadows. Korean animation style, soft cel shading, clean line art, warm muted colors, Joseon dynasty 1730s, no text",머릿속에 새겨 둔 곽 마름의 숫자와 장부의 숫자를 하나씩 맞춰 보았지요 ,"머릿속에 새겨 둔 곽 마름의 숫자와 장부의 숫자를 하나씩 맞춰 보았지요 재작년, 스물여덟 섬 작년, 서른두 섬",달래,sarangchae_night,"Korean animation style, soft cel shading, clean line art, warm muted colors, Joseon dynasty 1730s",scene,12.700,2761.440,2774.140,S021
"Dallae's shocked realization, three years of discrepancies. Characters: Dallae (young seamstress in faded white jeogori). Setting: Joseon nobleman's study at night lit by an oil lamp, long shadows. Korean animation style, soft cel shading, clean line art, warm muted colors, Joseon dynasty 1730s, no text","그리고 올해, 서른 섬 해마다 비슷한 만큼이 장부에서 빠져 있었습니다 올","그리고 올해, 서른 섬 해마다 비슷한 만큼이 장부에서 빠져 있었습니다 올해만이 아니었어요 세 해째였습니다",달래,sarangchae_night,"Korean animation style, soft cel shading, clean line art, warm muted colors, Joseon dynasty 1730s",reaction,12.700,2774.140,2786.840,S021
"Dallae adding new stitches in the robe lining. Characters: Dallae (young seamstress in faded white jeogori). Setting: small Joseon sewing room at night lit by a single oil lamp, fabrics and threads. Korean animation style, soft cel shading, clean line art, warm muted colors, Joseon dynasty 1730s, no text",달래는 침방으로 돌아와 그 날짜와 숫자를 하나하나 도포 안감에 옮겨 새겼,"달래는 침방으로 돌아와 그 날짜와 숫자를 하나하나 도포 안감에 옮겨 새겼습니다 붉은 실 옆에 푸른 실, 그 옆에 작은 나비 매듭",달래,chimbang_night,"Korean animation style, soft cel shading, clean line art, warm muted colors, Joseon dynasty 1730s",scene,12.750,2786.840,2799.590,S021
"close-up of rows of red and blue stitches growing line by line. Setting: small Joseon sewing room at night lit by a single oil lamp, fabrics and threads. Korean animation style, soft cel shading, clean line art, warm muted colors, Joseon dynasty 1730s, no text","바늘땀이 한 줄, 또 한 줄 늘어 갔지요","바늘땀이 한 줄, 또 한 줄 늘어 갔지요",,chimbang_night,"Korean animation style, soft cel shading, clean line art, warm muted colors, Joseon dynasty 1730s",scene,4.110,2799.590,2803.700,S021
"Dallae closing the ledger and leaving the men's quarters. Characters: Dallae (young seamstress in faded white jeogori). Setting: Joseon nobleman's study at night lit by an oil lamp, long shadows. Korean animation style, soft cel shading, clean line art, warm muted colors, Joseon dynasty 1730s, no text","그런데 그 밤, 달래는 한 가지를 알지 못했습니다 달래가 사랑채에서 추수","그런데 그 밤, 달래는 한 가지를 알지 못했습니다 달래가 사랑채에서 추수기를 덮고 나올 때,",달래,sarangchae_night,"Korean animation style, soft cel shading, clean line art, warm muted colors, Joseon dynasty 1730s",scene,9.170,2803.700,2812.870,S022
"a shadowy figure watching from the dark across the courtyard, following silently. Setting: dark noble mansion courtyard at night, moon behind clouds, tiled roofs. Korean animation style, soft cel shading, clean line art, warm muted colors, Joseon dynasty 1730s, no text",마당 저편 어둠 속에서 누군가 그 모습을 지켜보고 있었다는 것을요 그 사,마당 저편 어둠 속에서 누군가 그 모습을 지켜보고 있었다는 것을요 그 사람은 소리 없이 달래의 뒤를 밟았습니다,,courtyard_night,"Korean animation style, soft cel shading, clean line art, warm muted colors, Joseon dynasty 1730s",scene,10.740,2812.870,2823.610,S022
"an eye pressed to a small hole in the paper window, lamp light inside. Setting: small Joseon sewing room at night lit by a single oil lamp, fabrics and threads. Korean animation style, soft cel shading, clean line art, warm muted colors, Joseon dynasty 1730s, no text","달래가 침방으로 들어가 등잔을 낮추자, 그 사람은 창호지에 난 작은 구멍","달래가 침방으로 들어가 등잔을 낮추자, 그 사람은 창호지에 난 작은 구멍에 눈을 댔지요 등잔 아래 달래가 펼친 것은 대감의 새 도포였어요",,chimbang_night,"Korean animation style, soft cel shading, clean line art, warm muted colors, Joseon dynasty 1730s",scene,13.100,2823.610,2836.710,S022
"view through the hole: Dallae stitching red and blue threads into the robe lining. Characters: Dallae (young seamstress in faded white jeogori). Setting: small Joseon sewing room at night lit by a single oil lamp, fabrics and threads. Korean animation style, soft cel shading, clean line art, warm muted colors, Joseon dynasty 1730s, no text","달래는 도포를 뒤집어 안감을 벌리고, 붉은 실과 푸른 실을 번갈아 꿰어 ","달래는 도포를 뒤집어 안감을 벌리고, 붉은 실과 푸른 실을 번갈아 꿰어 넣고 있었습니다 창밖의 그림자는 오래도록 움직이지 않았어요",달래,chimbang_night,"Korean animation style, soft cel shading, clean line art, warm muted colors, Joseon dynasty 1730s",scene,12.580,2836.710,2849.290,S022
"the lamp going out, the shadow vanishing silently into darkness. Setting: dark noble mansion courtyard at night, moon behind clouds, tiled roofs. Korean animation style, soft cel shading, clean line art, warm muted colors, Joseon dynasty 1730s, no text","그러다 달래가 등잔을 끄자, 발소리 하나 없이 어둠 속으로 사라졌습니다 ","그러다 달래가 등잔을 끄자, 발소리 하나 없이 어둠 속으로 사라졌습니다 그게 누구였을까요",,courtyard_night,"Korean animation style, soft cel shading, clean line art, warm muted colors, Joseon dynasty 1730s",scene,9.130,2849.290,2858.420,S022
"empty dark courtyard, question hanging in the air. Setting: dark noble mansion courtyard at night, moon behind clouds, tiled roofs. Korean animation style, soft cel shading, clean line art, warm muted colors, Joseon dynasty 1730s, no text",반짇고리의 색실을 뒤져 보던 순덕어멈이었을까요 아니면 다른 누구였을까요,반짇고리의 색실을 뒤져 보던 순덕어멈이었을까요 아니면 다른 누구였을까요,,courtyard_night,"Korean animation style, soft cel shading, clean line art, warm muted colors, Joseon dynasty 1730s",narration,8.290,2858.420,2866.710,S022
"morning, Sundeok-eomeom chopping silently in the kitchen. Characters: Sundeok-eomeom (stout kitchen woman in apron). Setting: Joseon mansion kitchen with iron cauldrons, clay stove, firewood, steam. Korean animation style, soft cel shading, clean line art, warm muted colors, Joseon dynasty 1730s, no text","이튿날 아침, 순덕어멈은 여느 때처럼 부엌에서 말없이 칼질을 했고, 노 ","이튿날 아침, 순덕어멈은 여느 때처럼 부엌에서 말없이 칼질을 했고, 노 청지기는 여느 때처럼 달래에게 따뜻한 인사를 건넸습니다",순덕어멈,kitchen,"Korean animation style, soft cel shading, clean line art, warm muted colors, Joseon dynasty 1730s",scene,12.090,2866.710,2878.800,S022
"Steward No greeting Dallae warmly as usual. Characters: Steward No (bent old steward in brown robe), Dallae (young seamstress in faded white jeogori). Setting: stone-paved courtyard of a Joseon noble mansion, wooden pillars, tiled roofs, daylight. Korean animation style, soft cel shading, clean line art, warm muted colors, Joseon dynasty 1730s, no text","""밤새 바느질을 했나 보구먼. 눈이 퀭하네. 오늘은 좀 쉬게."" 달라진 ","""밤새 바느질을 했나 보구먼. 눈이 퀭하네. 오늘은 좀 쉬게."" 달라진 것은 아무것도 없어 보였지요","노청지기,달래",courtyard,"Korean animation style, soft cel shading, clean line art, warm muted colors, Joseon dynasty 1730s",dialogue,11.650,2878.800,2890.450,S022
"the lady searching her jewelry box in panic, silver hairpin missing. Characters: the lady of the house (graceful noblewoman in her fifties). Setting: women's quarters of a Joseon mansion with jewelry box and folding screen. Korean animation style, soft cel shading, clean line art, warm muted colors, Joseon dynasty 1730s, no text",대감의 환갑이 사흘 앞으로 다가온 날이었습니다 대감 마님이 아끼던 은비녀,대감의 환갑이 사흘 앞으로 다가온 날이었습니다 대감 마님이 아끼던 은비녀가 사라졌어요,대감마님,anchae,"Korean animation style, soft cel shading, clean line art, warm muted colors, Joseon dynasty 1730s",scene,8.630,2890.450,2899.080,S023
"servants searching the whole house. Setting: women's quarters of a Joseon mansion with jewelry box and folding screen. Korean animation style, soft cel shading, clean line art, warm muted colors, Joseon dynasty 1730s, no text","시집올 때 친정어머니가 물려준, 세상에 하나뿐인 비녀였지요 온 집안을 뒤","시집올 때 친정어머니가 물려준, 세상에 하나뿐인 비녀였지요 온 집안을 뒤졌습니다 그리고 비녀는 가장 나오지 말아야 할 곳에서 나왔어요",,anchae,"Korean animation style, soft cel shading, clean line art, warm muted colors, Joseon dynasty 1730s",scene,13.710,2899.080,2912.790,S023
"a silver hairpin found at the bottom of Dallae's sewing basket, everyone gasping. Characters: Dallae (young seamstress in faded white jeogori). Setting: stone-paved courtyard of a Joseon noble mansion, wooden pillars, tiled roofs, daylight. Korean animation style, soft cel shading, clean line art, warm muted colors, Joseon dynasty 1730s, no text",달래의 반짇고리 맨 밑바닥이었습니다 마당에 모인 식구들이 숨을 삼켰지요 ,달래의 반짇고리 맨 밑바닥이었습니다 마당에 모인 식구들이 숨을 삼켰지요 달래는 비녀를 내려다보며 굳어 버렸어요,달래,courtyard,"Korean animation style, soft cel shading, clean line art, warm muted colors, Joseon dynasty 1730s",scene,12.150,2912.790,2924.940,S023
"Dallae frozen, Lord Shim asking the crowd. Characters: Dallae (young seamstress in faded white jeogori), Lord Shim (elderly nobleman with white beard). Setting: stone-paved courtyard of a Joseon noble mansion, wooden pillars, tiled roofs, daylight. Korean animation style, soft cel shading, clean line art, warm muted colors, Joseon dynasty 1730s, no text","반짇고리를 날마다 여닫는 달래가 한 번도 본 적 없는 비녀였습니다 ""그 ","반짇고리를 날마다 여닫는 달래가 한 번도 본 적 없는 비녀였습니다 ""그 반짇고리, 요새 누가 만지는 걸 본 사람 없느냐?""","달래,심대감",courtyard,"Korean animation style, soft cel shading, clean line art, warm muted colors, Joseon dynasty 1730s",dialogue,10.580,2924.940,2935.520,S023
"the gatekeeper timidly speaking up. Setting: stone-paved courtyard of a Joseon noble mansion, wooden pillars, tiled roofs, daylight. Korean animation style, soft cel shading, clean line art, warm muted colors, Joseon dynasty 1730s, no text","대감이 물었어요 그러자 행랑아범이 쭈뼛쭈뼛 입을 열었습니다 ""저, 순덕어","대감이 물었어요 그러자 행랑아범이 쭈뼛쭈뼛 입을 열었습니다 ""저, 순덕어멈이 침방 반짇고리를 뒤지는 걸 본 적이 있습니다요.""",,courtyard,"Korean animation style, soft cel shading, clean line art, warm muted colors, Joseon dynasty 1730s",dialogue,12.700,2935.520,2948.220,S023
"Sundeok-eomeom turning pale, protesting. Characters: Sundeok-eomeom (stout kitchen woman in apron). Setting: stone-paved courtyard of a Joseon noble mansion, wooden pillars, tiled roofs, daylight. Korean animation style, soft cel shading, clean line art, warm muted colors, Joseon dynasty 1730s, no text","이번에는 순덕어멈의 얼굴이 하얘졌어요 ""아니, 나는 그냥 들여다만 봤지.","이번에는 순덕어멈의 얼굴이 하얘졌어요 ""아니, 나는 그냥 들여다만 봤지. 비녀는 몰라요, 대감마님. 정말이에요.""",순덕어멈,courtyard,"Korean animation style, soft cel shading, clean line art, warm muted colors, Joseon dynasty 1730s",dialogue,13.480,2948.220,2961.700,S023
"eyes moving between Dallae and Sundeok-eomeom. Characters: Sundeok-eomeom (stout kitchen woman in apron), Dallae (young seamstress in faded white jeogori). Setting: stone-paved courtyard of a Joseon noble mansion, wooden pillars, tiled roofs, daylight. Korean animation style, soft cel shading, clean line art, warm muted colors, Joseon dynasty 1730s, no text",순덕어멈은 발을 동동 굴렀습니다 식구들의 눈이 달래와 순덕어멈 사이를 오,순덕어멈은 발을 동동 굴렀습니다 식구들의 눈이 달래와 순덕어멈 사이를 오갔지요 둘 중 하나였습니다,"순덕어멈,달래",courtyard,"Korean animation style, soft cel shading, clean line art, warm muted colors, Joseon dynasty 1730s",scene,10.870,2961.700,2972.570,S023
"Steward No stepping forward calmly. Characters: Steward No (bent old steward in brown robe). Setting: stone-paved courtyard of a Joseon noble mansion, wooden pillars, tiled roofs, daylight. Korean animation style, soft cel shading, clean line art, warm muted colors, Joseon dynasty 1730s, no text",아니면 둘이 짜고 한 짓이거나 그때 노 청지기가 조용히 한마디를 보탰어요,아니면 둘이 짜고 한 짓이거나 그때 노 청지기가 조용히 한마디를 보탰어요,노청지기,courtyard,"Korean animation style, soft cel shading, clean line art, warm muted colors, Joseon dynasty 1730s",scene,7.610,2972.570,2980.180,S023
"Steward No speaking with a gentle generous face. Characters: Steward No (bent old steward in brown robe). Setting: stone-paved courtyard of a Joseon noble mansion, wooden pillars, tiled roofs, daylight. Korean animation style, soft cel shading, clean line art, warm muted colors, Joseon dynasty 1730s, no text","""순덕어멈이 그럴 사람은 아니지요. 이십 년을 한솥밥 먹은 사람입니다.""","""순덕어멈이 그럴 사람은 아니지요. 이십 년을 한솥밥 먹은 사람입니다."" 너그러운 말이었습니다",노청지기,courtyard,"Korean animation style, soft cel shading, clean line art, warm muted colors, Joseon dynasty 1730s",dialogue,9.770,2980.180,2989.950,S023
"all eyes on Dallae again, the lady holding the hairpin. Characters: the lady of the house (graceful noblewoman in her fifties), Dallae (young seamstress in faded white jeogori). Setting: stone-paved courtyard of a Joseon noble mansion, wooden pillars, tiled roofs, daylight. Korean animation style, soft cel shading, clean line art, warm muted colors, Joseon dynasty 1730s, no text",하지만 그 한마디에 식구들의 눈은 다시 달래에게로만 모였지요 대감 마님은,하지만 그 한마디에 식구들의 눈은 다시 달래에게로만 모였지요 대감 마님은 비녀를 두 손으로 감싸 쥔 채 달래를 바라보았어요,"대감마님,달래",courtyard,"Korean animation style, soft cel shading, clean line art, warm muted colors, Joseon dynasty 1730s",scene,11.590,2989.950,3001.540,S023
"the lady's lips trembling, unable to speak. Characters: the lady of the house (graceful noblewoman in her fifties). Setting: stone-paved courtyard of a Joseon noble mansion, wooden pillars, tiled roofs, daylight. Korean animation style, soft cel shading, clean line art, warm muted colors, Joseon dynasty 1730s, no text",삼 년 동안 제 옷을 지어 온 손이었습니다 대감 마님의 입술이 몇 번 달,"삼 년 동안 제 옷을 지어 온 손이었습니다 대감 마님의 입술이 몇 번 달싹였지만, 끝내 아무 말도 나오지 않았지요",대감마님,courtyard,"Korean animation style, soft cel shading, clean line art, warm muted colors, Joseon dynasty 1730s",reaction,10.930,3001.540,3012.470,S023
"Juni tugging his grandmother's skirt. Characters: Juni (7-year-old noble boy with red ribbon), the lady of the house (graceful noblewoman in her fifties). Setting: stone-paved courtyard of a Joseon noble mansion, wooden pillars, tiled roofs, daylight. Korean animation style, soft cel shading, clean line art, warm muted colors, Joseon dynasty 1730s, no text","마당 한쪽에서 준이가 할머니 치맛자락을 잡아당겼습니다 ""할머니, 달래 아","마당 한쪽에서 준이가 할머니 치맛자락을 잡아당겼습니다 ""할머니, 달래 아니야. 달래는 그런 거 안 해.""","준이,대감마님",courtyard,"Korean animation style, soft cel shading, clean line art, warm muted colors, Joseon dynasty 1730s",dialogue,11.680,3012.470,3024.150,S023
"Juni ignored among the adults, small and helpless. Characters: Juni (7-year-old noble boy with red ribbon). Setting: stone-paved courtyard of a Joseon noble mansion, wooden pillars, tiled roofs, daylight. Korean animation style, soft cel shading, clean line art, warm muted colors, Joseon dynasty 1730s, no text",하지만 어른들 가운데 그 말을 귀담아듣는 사람은 없었어요,하지만 어른들 가운데 그 말을 귀담아듣는 사람은 없었어요,준이,courtyard,"Korean animation style, soft cel shading, clean line art, warm muted colors, Joseon dynasty 1730s",reaction,5.680,3024.150,3029.830,S023
"Lord Shim standing before kneeling Dallae. Characters: Lord Shim (elderly nobleman with white beard), Dallae (young seamstress in faded white jeogori). Setting: stone-paved courtyard of a Joseon noble mansion, wooden pillars, tiled roofs, daylight. Korean animation style, soft cel shading, clean line art, warm muted colors, Joseon dynasty 1730s, no text","대감이 달래 앞에 섰습니다 ""네가 말을 못 하는 것은 안다. 허나 이 일","대감이 달래 앞에 섰습니다 ""네가 말을 못 하는 것은 안다. 허나 이 일은 그냥 넘길 수 없다. 할 말이 있거든 글로라도 써 보거라.""","심대감,달래",courtyard,"Korean animation style, soft cel shading, clean line art, warm muted colors, Joseon dynasty 1730s",dialogue,13.130,3029.830,3042.960,S024
"Steward No bringing an inkstone and paper, servants sneering. Characters: Steward No (bent old steward in brown robe), Dallae (young seamstress in faded white jeogori). Setting: stone-paved courtyard of a Joseon noble mansion, wooden pillars, tiled roofs, daylight. Korean animation style, soft cel shading, clean line art, warm muted colors, Joseon dynasty 1730s, no text",노 청지기가 벼루와 종이를 내왔어요 식구들 사이에서 코웃음이 새어 나왔습,노 청지기가 벼루와 종이를 내왔어요 식구들 사이에서 코웃음이 새어 나왔습니다 천한 침모가 글을 알 리가 없다는 거였지요,"노청지기,달래",courtyard,"Korean animation style, soft cel shading, clean line art, warm muted colors, Joseon dynasty 1730s",scene,12.430,3042.960,3055.390,S024
"Dallae staring down at the brush. Characters: Dallae (young seamstress in faded white jeogori). Setting: stone-paved courtyard of a Joseon noble mansion, wooden pillars, tiled roofs, daylight. Korean animation style, soft cel shading, clean line art, warm muted colors, Joseon dynasty 1730s, no text",달래는 한참 붓을 내려다보았습니다 글을 쓰면 글을 아는 것이 드러나지요 ,달래는 한참 붓을 내려다보았습니다 글을 쓰면 글을 아는 것이 드러나지요 그러면 달래가 누구인지 묻는 사람이 생길 겁니다,달래,courtyard,"Korean animation style, soft cel shading, clean line art, warm muted colors, Joseon dynasty 1730s",reaction,12.090,3055.390,3067.480,S024
"close-up of Dallae writing neat calligraphy on paper. Characters: Dallae (young seamstress in faded white jeogori). Setting: stone-paved courtyard of a Joseon noble mansion, wooden pillars, tiled roofs, daylight. Korean animation style, soft cel shading, clean line art, warm muted colors, Joseon dynasty 1730s, no text",하지만 달래는 붓을 들었어요 먹을 찍은 붓끝이 종이 위로 내려앉았습니다 ,하지만 달래는 붓을 들었어요 먹을 찍은 붓끝이 종이 위로 내려앉았습니다 소녀는 훔치지 않았습니다,달래,courtyard,"Korean animation style, soft cel shading, clean line art, warm muted colors, Joseon dynasty 1730s",scene,10.850,3067.480,3078.330,S024
"Lord Shim's eyes widening at the elegant handwriting. Characters: Lord Shim (elderly nobleman with white beard). Setting: stone-paved courtyard of a Joseon noble mansion, wooden pillars, tiled roofs, daylight. Korean animation style, soft cel shading, clean line art, warm muted colors, Joseon dynasty 1730s, no text","단정한 글씨였습니다 대감의 눈이 커졌어요 도포 소매 끝에서 보았던, 붓끝","단정한 글씨였습니다 대감의 눈이 커졌어요 도포 소매 끝에서 보았던, 붓끝을 거둔 획처럼 단정한 바로 그 솜씨였지요",심대감,courtyard,"Korean animation style, soft cel shading, clean line art, warm muted colors, Joseon dynasty 1730s",reaction,12.950,3078.330,3091.280,S024
"Lord Shim asking in astonishment, crowd murmuring. Characters: Lord Shim (elderly nobleman with white beard), Dallae (young seamstress in faded white jeogori). Setting: stone-paved courtyard of a Joseon noble mansion, wooden pillars, tiled roofs, daylight. Korean animation style, soft cel shading, clean line art, warm muted colors, Joseon dynasty 1730s, no text","""너, 글을 아느냐?"" 마당이 술렁였습니다 대감이 다시 물었어요 ""그럼 ","""너, 글을 아느냐?"" 마당이 술렁였습니다 대감이 다시 물었어요 ""그럼 누가 그랬느냐. 네가 아니라면 누구란 말이냐.""","심대감,달래",courtyard,"Korean animation style, soft cel shading, clean line art, warm muted colors, Joseon dynasty 1730s",dialogue,12.730,3091.280,3104.010,S024
"extreme close-up of the brush stopping, a drop of ink falling. Characters: Dallae (young seamstress in faded white jeogori). Setting: stone-paved courtyard of a Joseon noble mansion, wooden pillars, tiled roofs, daylight. Korean animation style, soft cel shading, clean line art, warm muted colors, Joseon dynasty 1730s, no text",달래의 붓이 종이 위에서 멈췄습니다 붓끝에서 먹물 한 방울이 뚝 떨어졌어,달래의 붓이 종이 위에서 멈췄습니다 붓끝에서 먹물 한 방울이 뚝 떨어졌어요 달래는 알고 있었습니다,달래,courtyard,"Korean animation style, soft cel shading, clean line art, warm muted colors, Joseon dynasty 1730s",scene,11.310,3104.010,3115.320,S024
"Dallae's inner thoughts, the night cart and the ledger. Characters: Dallae (young seamstress in faded white jeogori). Setting: stone-paved courtyard of a Joseon noble mansion, wooden pillars, tiled roofs, daylight. Korean animation style, soft cel shading, clean line art, warm muted colors, Joseon dynasty 1730s, no text",이 집에 쌀을 빼돌리는 자가 있다는 것을요 하지만 그자가 비녀까지 넣었다,이 집에 쌀을 빼돌리는 자가 있다는 것을요 하지만 그자가 비녀까지 넣었다는 증거는 없었어요,달래,courtyard,"Korean animation style, soft cel shading, clean line art, warm muted colors, Joseon dynasty 1730s",narration,8.700,3115.320,3124.020,S024
"Dallae putting the brush down quietly. Characters: Dallae (young seamstress in faded white jeogori). Setting: stone-paved courtyard of a Joseon noble mansion, wooden pillars, tiled roofs, daylight. Korean animation style, soft cel shading, clean line art, warm muted colors, Joseon dynasty 1730s, no text","증거 없이 남의 이름을 쓰는 것은, 지금 달래가 쓰고 있는 것과 똑같은 ","증거 없이 남의 이름을 쓰는 것은, 지금 달래가 쓰고 있는 것과 똑같은 누명을 남에게 씌우는 일이었지요 달래는 붓을 내려놓았습니다",달래,courtyard,"Korean animation style, soft cel shading, clean line art, warm muted colors, Joseon dynasty 1730s",scene,12.040,3124.020,3136.060,S024
"Sundeok-eomeom stepping forward to defend Dallae. Characters: Sundeok-eomeom (stout kitchen woman in apron). Setting: stone-paved courtyard of a Joseon noble mansion, wooden pillars, tiled roofs, daylight. Korean animation style, soft cel shading, clean line art, warm muted colors, Joseon dynasty 1730s, no text","그때 누군가 앞으로 나섰어요 순덕어멈이었습니다 ""대감마님, 저 아이가 그","그때 누군가 앞으로 나섰어요 순덕어멈이었습니다 ""대감마님, 저 아이가 그럴 아이는 아닙니다. 삼 년을 곁에서 봤습니다",순덕어멈,courtyard,"Korean animation style, soft cel shading, clean line art, warm muted colors, Joseon dynasty 1730s",dialogue,12.550,3136.060,3148.610,S024
"everyone surprised at Sundeok-eomeom. Characters: Sundeok-eomeom (stout kitchen woman in apron). Setting: stone-paved courtyard of a Joseon noble mansion, wooden pillars, tiled roofs, daylight. Korean animation style, soft cel shading, clean line art, warm muted colors, Joseon dynasty 1730s, no text","저 아이는 바늘 하나도 제 것 아니면 손을 안 대요."" 식구들이 놀라 순","저 아이는 바늘 하나도 제 것 아니면 손을 안 대요."" 식구들이 놀라 순덕어멈을 쳐다보았습니다 삼 년 내내 달래를 흘겨보던 사람이었으니까요",순덕어멈,courtyard,"Korean animation style, soft cel shading, clean line art, warm muted colors, Joseon dynasty 1730s",reaction,13.540,3148.610,3162.150,S024
"Sundeok-eomeom biting her lip, remembering the bent figure at night. Characters: Sundeok-eomeom (stout kitchen woman in apron). Setting: stone-paved courtyard of a Joseon noble mansion, wooden pillars, tiled roofs, daylight. Korean animation style, soft cel shading, clean line art, warm muted colors, Joseon dynasty 1730s, no text",순덕어멈은 입술을 깨물었어요 그 밤 침방 쪽에서 나오던 굽은 뒷모습이 머,순덕어멈은 입술을 깨물었어요 그 밤 침방 쪽에서 나오던 굽은 뒷모습이 머릿속을 떠나지 않았던 겁니다,순덕어멈,courtyard,"Korean animation style, soft cel shading, clean line art, warm muted colors, Joseon dynasty 1730s",reaction,10.600,3162.150,3172.750,S024
"Sundeok-eomeom lowering her eyes, unable to say more. Characters: Sundeok-eomeom (stout kitchen woman in apron). Setting: stone-paved courtyard of a Joseon noble mansion, wooden pillars, tiled roofs, daylight. Korean animation style, soft cel shading, clean line art, warm muted colors, Joseon dynasty 1730s, no text",하지만 그 이야기까지는 차마 꺼내지 못했지요,하지만 그 이야기까지는 차마 꺼내지 못했지요,순덕어멈,courtyard,"Korean animation style, soft cel shading, clean line art, warm muted colors, Joseon dynasty 1730s",reaction,4.600,3172.750,3177.350,S024
"Lord Shim deep in thought, speaking heavily. Characters: Lord Shim (elderly nobleman with white beard). Setting: stone-paved courtyard of a Joseon noble mansion, wooden pillars, tiled roofs, daylight. Korean animation style, soft cel shading, clean line art, warm muted colors, Joseon dynasty 1730s, no text","대감은 오래 생각에 잠겼다가 무겁게 입을 열었습니다 ""비녀가 반짇고리에서","대감은 오래 생각에 잠겼다가 무겁게 입을 열었습니다 ""비녀가 반짇고리에서 나온 이상, 집안에서 덮을 수는 없다",심대감,courtyard,"Korean animation style, soft cel shading, clean line art, warm muted colors, Joseon dynasty 1730s",dialogue,11.360,3177.350,3188.710,S025
"Kwak rushing out from the servants' quarters. Characters: Kwak (sunburnt broad-shouldered farm manager). Setting: stone-paved courtyard of a Joseon noble mansion, wooden pillars, tiled roofs, daylight. Korean animation style, soft cel shading, clean line art, warm muted colors, Joseon dynasty 1730s, no text","잔칫날 아침 관아에 넘겨 시비를 가리게 하겠다."" 그때 곽 마름이 행랑에","잔칫날 아침 관아에 넘겨 시비를 가리게 하겠다."" 그때 곽 마름이 행랑에서 뛰어나왔습니다",곽마름,courtyard,"Korean animation style, soft cel shading, clean line art, warm muted colors, Joseon dynasty 1730s",scene,9.170,3188.710,3197.880,S025
"Kwak defending Dallae passionately. Characters: Kwak (sunburnt broad-shouldered farm manager). Setting: stone-paved courtyard of a Joseon noble mansion, wooden pillars, tiled roofs, daylight. Korean animation style, soft cel shading, clean line art, warm muted colors, Joseon dynasty 1730s, no text","잔치에 쓸 곡식을 싣고 올라와 있던 참이었지요 ""대감마님, 저 침모가 도","잔치에 쓸 곡식을 싣고 올라와 있던 참이었지요 ""대감마님, 저 침모가 도둑이라면 제 손에 장을 지지겠습니다",곽마름,courtyard,"Korean animation style, soft cel shading, clean line art, warm muted colors, Joseon dynasty 1730s",dialogue,11.400,3197.880,3209.280,S025
"Steward No interrupting softly. Characters: Kwak (sunburnt broad-shouldered farm manager), Steward No (bent old steward in brown robe). Setting: stone-paved courtyard of a Joseon noble mansion, wooden pillars, tiled roofs, daylight. Korean animation style, soft cel shading, clean line art, warm muted colors, Joseon dynasty 1730s, no text","저 아이가 곳간이며 장부를 얼마나 조심스레 대하는지 제가 봤습니다."" 노","저 아이가 곳간이며 장부를 얼마나 조심스레 대하는지 제가 봤습니다."" 노 청지기가 부드럽게 끼어들었어요","곽마름,노청지기",courtyard,"Korean animation style, soft cel shading, clean line art, warm muted colors, Joseon dynasty 1730s",dialogue,10.550,3209.280,3219.830,S025
"Steward No accusing Kwak with a gentle smile. Characters: Steward No (bent old steward in brown robe), Kwak (sunburnt broad-shouldered farm manager). Setting: stone-paved courtyard of a Joseon noble mansion, wooden pillars, tiled roofs, daylight. Korean animation style, soft cel shading, clean line art, warm muted colors, Joseon dynasty 1730s, no text","""곽 마름, 자네가 왜 이리 저 아이를 감싸는가. 지난가을 밤중에 자네가","""곽 마름, 자네가 왜 이리 저 아이를 감싸는가. 지난가을 밤중에 자네가 곳간 곁을 서성였다는 말도 있었네","노청지기,곽마름",courtyard,"Korean animation style, soft cel shading, clean line art, warm muted colors, Joseon dynasty 1730s",dialogue,10.790,3219.830,3230.620,S025
"Kwak's face turning red with anger. Characters: Kwak (sunburnt broad-shouldered farm manager). Setting: stone-paved courtyard of a Joseon noble mansion, wooden pillars, tiled roofs, daylight. Korean animation style, soft cel shading, clean line art, warm muted colors, Joseon dynasty 1730s, no text","둘이 무슨 사이인지 모르겠으나, 대감마님 앞에서는 말을 삼가게."" 곽 마","둘이 무슨 사이인지 모르겠으나, 대감마님 앞에서는 말을 삼가게."" 곽 마름의 얼굴이 시뻘게졌습니다",곽마름,courtyard,"Korean animation style, soft cel shading, clean line art, warm muted colors, Joseon dynasty 1730s",reaction,10.370,3230.620,3240.990,S025
"Lord Shim's gaze shifting to Kwak with suspicion. Characters: Lord Shim (elderly nobleman with white beard), Kwak (sunburnt broad-shouldered farm manager). Setting: stone-paved courtyard of a Joseon noble mansion, wooden pillars, tiled roofs, daylight. Korean animation style, soft cel shading, clean line art, warm muted colors, Joseon dynasty 1730s, no text",대감의 눈길이 곽 마름에게로 옮겨 갔어요 봄이 오기 전에 마름을 바꾸라 ,대감의 눈길이 곽 마름에게로 옮겨 갔어요 봄이 오기 전에 마름을 바꾸라 했던 자신의 말이 떠오르는 눈빛이었지요,"심대감,곽마름",courtyard,"Korean animation style, soft cel shading, clean line art, warm muted colors, Joseon dynasty 1730s",reaction,10.370,3240.990,3251.360,S025
"Lord Shim ordering, Kwak clenching his fists. Characters: Lord Shim (elderly nobleman with white beard), Kwak (sunburnt broad-shouldered farm manager). Setting: stone-paved courtyard of a Joseon noble mansion, wooden pillars, tiled roofs, daylight. Korean animation style, soft cel shading, clean line art, warm muted colors, Joseon dynasty 1730s, no text","""곽 마름도 잔치가 끝날 때까지 행랑을 떠나지 말게."" 곽 마름은 주먹을","""곽 마름도 잔치가 끝날 때까지 행랑을 떠나지 말게."" 곽 마름은 주먹을 쥐었다 폈다 하더니, 끝내 아무 말도 하지 못했습니다","심대감,곽마름",courtyard,"Korean animation style, soft cel shading, clean line art, warm muted colors, Joseon dynasty 1730s",dialogue,12.870,3251.360,3264.230,S025
"Kwak stopping in front of the sewing room, meeting Dallae's eyes. Characters: Kwak (sunburnt broad-shouldered farm manager), Dallae (young seamstress in faded white jeogori). Setting: small Joseon sewing room with sewing basket, colorful threads, fabrics, paper doors, soft daylight. Korean animation style, soft cel shading, clean line art, warm muted colors, Joseon dynasty 1730s, no text",행랑으로 돌아가던 곽 마름이 침방 앞에서 잠시 걸음을 멈췄어요 달래와 눈,행랑으로 돌아가던 곽 마름이 침방 앞에서 잠시 걸음을 멈췄어요 달래와 눈이 마주치자 곽 마름은 퉁명스럽게 고개를 돌렸습니다,"곽마름,달래",chimbang,"Korean animation style, soft cel shading, clean line art, warm muted colors, Joseon dynasty 1730s",scene,12.360,3264.230,3276.590,S025
"Kwak turning his head away gruffly. Characters: Kwak (sunburnt broad-shouldered farm manager). Setting: small Joseon sewing room with sewing basket, colorful threads, fabrics, paper doors, soft daylight. Korean animation style, soft cel shading, clean line art, warm muted colors, Joseon dynasty 1730s, no text",그러고는 아무도 듣지 못할 만큼 낮게 중얼거렸지요,그러고는 아무도 듣지 못할 만큼 낮게 중얼거렸지요,곽마름,chimbang,"Korean animation style, soft cel shading, clean line art, warm muted colors, Joseon dynasty 1730s",scene,5.410,3276.590,3282.000,S025
"Kwak muttering quietly, then disappearing around the corner. Characters: Kwak (sunburnt broad-shouldered farm manager). Setting: small Joseon sewing room with sewing basket, colorful threads, fabrics, paper doors, soft daylight. Korean animation style, soft cel shading, clean line art, warm muted colors, Joseon dynasty 1730s, no text","""장터에서 본 거, 입 다물어 줘서 고맙다. 이번엔 내가 못 도와줘서 미","""장터에서 본 거, 입 다물어 줘서 고맙다. 이번엔 내가 못 도와줘서 미안하구나."" 곽 마름의 넓은 등이 행랑 모퉁이로 사라졌습니다",곽마름,chimbang,"Korean animation style, soft cel shading, clean line art, warm muted colors, Joseon dynasty 1730s",dialogue,13.670,3282.000,3295.670,S025
"Dallae locked inside the sewing room, a bar sliding across the door outside. Characters: Dallae (young seamstress in faded white jeogori). Setting: small Joseon sewing room at night lit by a single oil lamp, fabrics and threads. Korean animation style, soft cel shading, clean line art, warm muted colors, Joseon dynasty 1730s, no text",달래는 침방에 갇혔어요 문밖에서 빗장이 걸리는 소리가 무겁게 울렸습니다 ,달래는 침방에 갇혔어요 문밖에서 빗장이 걸리는 소리가 무겁게 울렸습니다 마당에서는 잔치 준비로 전 부치는 냄새가 담을 넘어오고 있었지요,달래,chimbang_night,"Korean animation style, soft cel shading, clean line art, warm muted colors, Joseon dynasty 1730s",scene,13.780,3295.670,3309.450,S025
"Dallae alone under a lamp with the indigo robe on her knees. Characters: Dallae (young seamstress in faded white jeogori). Setting: small Joseon sewing room at night lit by a single oil lamp, fabrics and threads. Korean animation style, soft cel shading, clean line art, warm muted colors, Joseon dynasty 1730s, no text",잔치 전날 밤이었습니다 빗장 걸린 침방 안에서 달래는 등잔 하나를 켜고 ,잔치 전날 밤이었습니다 빗장 걸린 침방 안에서 달래는 등잔 하나를 켜고 앉아 있었어요 무릎 위에는 대감의 새 도포가 펼쳐져 있었지요,달래,chimbang_night,"Korean animation style, soft cel shading, clean line art, warm muted colors, Joseon dynasty 1730s",scene,13.470,3309.450,3322.920,S026
"Dallae opening the last part of the lining. Characters: Dallae (young seamstress in faded white jeogori). Setting: small Joseon sewing room at night lit by a single oil lamp, fabrics and threads. Korean animation style, soft cel shading, clean line art, warm muted colors, Joseon dynasty 1730s, no text",내일 환갑 잔치에 대감이 입을 옷이었습니다 달래는 안감의 마지막 자리를 ,내일 환갑 잔치에 대감이 입을 옷이었습니다 달래는 안감의 마지막 자리를 벌렸어요,달래,chimbang_night,"Korean animation style, soft cel shading, clean line art, warm muted colors, Joseon dynasty 1730s",scene,8.640,3322.920,3331.560,S026
"Dallae taking out her father's letter from her bundle. Characters: Dallae (young seamstress in faded white jeogori). Setting: small Joseon sewing room at night lit by a single oil lamp, fabrics and threads. Korean animation style, soft cel shading, clean line art, warm muted colors, Joseon dynasty 1730s, no text",올해 뒷문으로 곡식이 나간 마지막 날짜가 아직 남아 있었습니다 달래는 바,올해 뒷문으로 곡식이 나간 마지막 날짜가 아직 남아 있었습니다 달래는 바늘을 들기 전에 보따리에서 아버지의 편지를 꺼냈어요,달래,chimbang_night,"Korean animation style, soft cel shading, clean line art, warm muted colors, Joseon dynasty 1730s",scene,12.270,3331.560,3343.830,S026
"close-up of the letter's final lines in elegant calligraphy. Setting: small Joseon sewing room at night lit by a single oil lamp, fabrics and threads. Korean animation style, soft cel shading, clean line art, warm muted colors, Joseon dynasty 1730s, no text",편지 끝에는 이런 글귀가 적혀 있었습니다 옳은 것은 언젠가 제 자리를 찾,편지 끝에는 이런 글귀가 적혀 있었습니다 옳은 것은 언젠가 제 자리를 찾는다 그러니 겁내지 말고 바르게 살거라,,chimbang_night,"Korean animation style, soft cel shading, clean line art, warm muted colors, Joseon dynasty 1730s",scene,12.290,3343.830,3356.120,S026
"Dallae touching the worn words gently with her fingertip. Characters: Dallae (young seamstress in faded white jeogori). Setting: small Joseon sewing room at night lit by a single oil lamp, fabrics and threads. Korean animation style, soft cel shading, clean line art, warm muted colors, Joseon dynasty 1730s, no text",열두 해 동안 수없이 읽어 닳아 버린 글귀였지요 달래는 편지를 무릎 곁에,"열두 해 동안 수없이 읽어 닳아 버린 글귀였지요 달래는 편지를 무릎 곁에 펼쳐 두고, 그 글귀를 한 번 손끝으로 쓸었습니다",달래,chimbang_night,"Korean animation style, soft cel shading, clean line art, warm muted colors, Joseon dynasty 1730s",scene,11.870,3356.120,3367.990,S026
"a small voice at the barred window, Juni's face appearing. Characters: Juni (7-year-old noble boy with red ribbon), Dallae (young seamstress in faded white jeogori). Setting: small Joseon sewing room at night lit by a single oil lamp, fabrics and threads. Korean animation style, soft cel shading, clean line art, warm muted colors, Joseon dynasty 1730s, no text",그러고 나서야 바늘에 실을 꿰었어요 그때 창살 너머에서 작은 목소리가 들,"그러고 나서야 바늘에 실을 꿰었어요 그때 창살 너머에서 작은 목소리가 들렸어요 ""달래야. 나야.""","준이,달래",chimbang_night,"Korean animation style, soft cel shading, clean line art, warm muted colors, Joseon dynasty 1730s",dialogue,11.500,3367.990,3379.490,S026
"Juni pushing a rice ball through the window bars. Characters: Juni (7-year-old noble boy with red ribbon), Dallae (young seamstress in faded white jeogori). Setting: small Joseon sewing room at night lit by a single oil lamp, fabrics and threads. Korean animation style, soft cel shading, clean line art, warm muted colors, Joseon dynasty 1730s, no text","준이였습니다 준이가 창살 틈으로 작은 주먹밥 하나를 밀어 넣었지요 ""배고","준이였습니다 준이가 창살 틈으로 작은 주먹밥 하나를 밀어 넣었지요 ""배고플 것 같아서. 할아버지 몰래 가져왔어.""","준이,달래",chimbang_night,"Korean animation style, soft cel shading, clean line art, warm muted colors, Joseon dynasty 1730s",dialogue,12.860,3379.490,3392.350,S026
"Dallae holding the rice ball, whispering through the bars. Characters: Dallae (young seamstress in faded white jeogori), Juni (7-year-old noble boy with red ribbon). Setting: small Joseon sewing room at night lit by a single oil lamp, fabrics and threads. Korean animation style, soft cel shading, clean line art, warm muted colors, Joseon dynasty 1730s, no text",달래는 주먹밥을 받아 들고 한참을 내려다보았습니다 그리고 창살에 입을 대,"달래는 주먹밥을 받아 들고 한참을 내려다보았습니다 그리고 창살에 입을 대고 속삭였어요 ""도련님, 부탁이 하나 있습니다.""","달래,준이",chimbang_night,"Korean animation style, soft cel shading, clean line art, warm muted colors, Joseon dynasty 1730s",dialogue,12.320,3392.350,3404.670,S026
"Dallae asking Juni earnestly. Characters: Dallae (young seamstress in faded white jeogori), Juni (7-year-old noble boy with red ribbon). Setting: small Joseon sewing room at night lit by a single oil lamp, fabrics and threads. Korean animation style, soft cel shading, clean line art, warm muted colors, Joseon dynasty 1730s, no text","""뭔데?"" ""새벽닭이 울면 이 창 앞으로 다시 와 주십시오. 제가 보자기","""뭔데?"" ""새벽닭이 울면 이 창 앞으로 다시 와 주십시오. 제가 보자기 하나를 건네 드릴 겁니다","달래,준이",chimbang_night,"Korean animation style, soft cel shading, clean line art, warm muted colors, Joseon dynasty 1730s",dialogue,9.720,3404.670,3414.390,S026
"Dallae giving instructions, Juni listening seriously. Characters: Dallae (young seamstress in faded white jeogori), Juni (7-year-old noble boy with red ribbon). Setting: small Joseon sewing room at night lit by a single oil lamp, fabrics and threads. Korean animation style, soft cel shading, clean line art, warm muted colors, Joseon dynasty 1730s, no text",그 안에 든 도포를 내일 아침 할아버님께 꼭 입혀 드려 주십시오 다른 사,"그 안에 든 도포를 내일 아침 할아버님께 꼭 입혀 드려 주십시오 다른 사람 손을 거치지 말고, 도련님이 직접요.""","달래,준이",chimbang_night,"Korean animation style, soft cel shading, clean line art, warm muted colors, Joseon dynasty 1730s",dialogue,12.600,3414.390,3426.990,S026
"Juni holding his little finger through the bars. Characters: Juni (7-year-old noble boy with red ribbon), Dallae (young seamstress in faded white jeogori). Setting: small Joseon sewing room at night lit by a single oil lamp, fabrics and threads. Korean animation style, soft cel shading, clean line art, warm muted colors, Joseon dynasty 1730s, no text","""그게 다야?"" ""예. 그게 다입니다."" 준이가 새끼손가락을 창살 사이로","""그게 다야?"" ""예. 그게 다입니다."" 준이가 새끼손가락을 창살 사이로 내밀었어요","준이,달래",chimbang_night,"Korean animation style, soft cel shading, clean line art, warm muted colors, Joseon dynasty 1730s",scene,9.690,3426.990,3436.680,S026
"fingers hooked through the window bars, then Dallae sewing all night. Characters: Dallae (young seamstress in faded white jeogori). Setting: small Joseon sewing room at night lit by a single oil lamp, fabrics and threads. Korean animation style, soft cel shading, clean line art, warm muted colors, Joseon dynasty 1730s, no text","달래가 그 손가락에 제 손가락을 걸었지요 준이가 돌아간 뒤, 달래는 밤새","달래가 그 손가락에 제 손가락을 걸었지요 준이가 돌아간 뒤, 달래는 밤새 바늘을 놀렸습니다",달래,chimbang_night,"Korean animation style, soft cel shading, clean line art, warm muted colors, Joseon dynasty 1730s",scene,9.420,3436.680,3446.100,S026
"dawn, Dallae biting off the last thread and whispering. Characters: Dallae (young seamstress in faded white jeogori). Setting: small Joseon sewing room at dawn, pale blue light through paper window, lamp burning low. Korean animation style, soft cel shading, clean line art, warm muted colors, Joseon dynasty 1730s, no text","그리고 새벽녘, 마지막 매듭을 이로 끊으며 작게 말했어요 ""이제 되었습니","그리고 새벽녘, 마지막 매듭을 이로 끊으며 작게 말했어요 ""이제 되었습니다.""",달래,chimbang_dawn,"Korean animation style, soft cel shading, clean line art, warm muted colors, Joseon dynasty 1730s",scene,8.290,3446.100,3454.390,S026
"the same dawn scene as the opening, lamp and robe. Characters: Dallae (young seamstress in faded white jeogori). Setting: small Joseon sewing room at dawn, pale blue light through paper window, lamp burning low. Korean animation style, soft cel shading, clean line art, warm muted colors, Joseon dynasty 1730s, no text","이야기의 맨 처음, 여러분이 보셨던 바로 그 새벽이었습니다","이야기의 맨 처음, 여러분이 보셨던 바로 그 새벽이었습니다",달래,chimbang_dawn,"Korean animation style, soft cel shading, clean line art, warm muted colors, Joseon dynasty 1730s",narration,6.100,3454.390,3460.490,S026
"recap: Dallae locked in, the robe about to be passed to Juni. Characters: Dallae (young seamstress in faded white jeogori). Setting: small Joseon sewing room at dawn, pale blue light through paper window, lamp burning low. Korean animation style, soft cel shading, clean line art, warm muted colors, Joseon dynasty 1730s, no text",이제 이야기가 어디까지 왔는지 짚어 보겠습니다 달래는 도둑 누명을 쓰고 ,"이제 이야기가 어디까지 왔는지 짚어 보겠습니다 달래는 도둑 누명을 쓰고 갇혔고, 날이 밝으면 관아로 끌려갑니다",달래,chimbang_dawn,"Korean animation style, soft cel shading, clean line art, warm muted colors, Joseon dynasty 1730s",narration,11.400,3460.490,3471.890,S027
"little Juni with a determined face in the dawn light. Characters: Juni (7-year-old noble boy with red ribbon). Setting: small Joseon sewing room at dawn, pale blue light through paper window, lamp burning low. Korean animation style, soft cel shading, clean line art, warm muted colors, Joseon dynasty 1730s, no text","그리고 달래가 세 해 치 비밀을 새긴 도포는, 이제 일곱 살 준이의 손에","그리고 달래가 세 해 치 비밀을 새긴 도포는, 이제 일곱 살 준이의 손에 맡겨지려 하고 있지요",준이,chimbang_dawn,"Korean animation style, soft cel shading, clean line art, warm muted colors, Joseon dynasty 1730s",narration,7.770,3471.890,3479.660,S027
"rooster crowing, Juni waiting at the barred window. Characters: Juni (7-year-old noble boy with red ribbon). Setting: small Joseon sewing room at dawn, pale blue light through paper window, lamp burning low. Korean animation style, soft cel shading, clean line art, warm muted colors, Joseon dynasty 1730s, no text",새벽닭이 울자 준이는 약속대로 침방 창 앞에 와 있었어요,새벽닭이 울자 준이는 약속대로 침방 창 앞에 와 있었어요,준이,chimbang_dawn,"Korean animation style, soft cel shading, clean line art, warm muted colors, Joseon dynasty 1730s",scene,6.240,3479.660,3485.900,S027
"Dallae passing the cloth bundle through the bars, Juni hugging it and running. Characters: Dallae (young seamstress in faded white jeogori), Juni (7-year-old noble boy with red ribbon). Setting: small Joseon sewing room at dawn, pale blue light through paper window, lamp burning low. Korean animation style, soft cel shading, clean line art, warm muted colors, Joseon dynasty 1730s, no text","달래가 창살 틈으로 보자기를 내밀었고, 준이는 그것을 두 팔로 꼭 끌어안","달래가 창살 틈으로 보자기를 내밀었고, 준이는 그것을 두 팔로 꼭 끌어안고 제 방으로 달려갔습니다","달래,준이",chimbang_dawn,"Korean animation style, soft cel shading, clean line art, warm muted colors, Joseon dynasty 1730s",scene,9.280,3485.900,3495.180,S027
"a figure watching Juni from the dark corner of the servants' quarters. Characters: Steward No (bent old steward in brown robe). Setting: noble mansion courtyard at blue dawn, frost on the ground. Korean animation style, soft cel shading, clean line art, warm muted colors, Joseon dynasty 1730s, no text","그 작은 뒷모습을, 행랑 모퉁이의 어둠 속에서 누군가 조용히 지켜보고 있","그 작은 뒷모습을, 행랑 모퉁이의 어둠 속에서 누군가 조용히 지켜보고 있었지요 준이는 보자기를 머리맡에 두고 할아버지가 일어나시기를 기다렸어요",노청지기,courtyard_dawn,"Korean animation style, soft cel shading, clean line art, warm muted colors, Joseon dynasty 1730s",scene,12.580,3495.180,3507.760,S027
"Juni dozing off with the bundle by his pillow, then waking at a rustling sound. Characters: Juni (7-year-old noble boy with red ribbon). Setting: a child's room in a Joseon mansion at dawn, pale light. Korean animation style, soft cel shading, clean line art, warm muted colors, Joseon dynasty 1730s, no text","그러다 깜빡, 눈이 감겼지요 얼마나 지났을까요 사각, 하는 소리에 준이가","그러다 깜빡, 눈이 감겼지요 얼마나 지났을까요 사각, 하는 소리에 준이가 눈을 떴습니다",준이,juni_room_dawn,"Korean animation style, soft cel shading, clean line art, warm muted colors, Joseon dynasty 1730s",scene,10.010,3507.760,3517.770,S027
"someone crouched by Juni's pillow untying the bundle, a small knife on the lining. Characters: Steward No (bent old steward in brown robe). Setting: a child's room in a Joseon mansion at dawn, pale light. Korean animation style, soft cel shading, clean line art, warm muted colors, Joseon dynasty 1730s, no text",누군가 준이의 머리맡에 쪼그려 앉아 보자기를 풀고 있었어요 도포를 뒤집어,"누군가 준이의 머리맡에 쪼그려 앉아 보자기를 풀고 있었어요 도포를 뒤집어, 안감에 작은 칼을 대려는 참이었습니다",노청지기,juni_room_dawn,"Korean animation style, soft cel shading, clean line art, warm muted colors, Joseon dynasty 1730s",scene,10.500,3517.770,3528.270,S027
"Steward No revealed, Juni asking sleepily. Characters: Steward No (bent old steward in brown robe), Juni (7-year-old noble boy with red ribbon). Setting: a child's room in a Joseon mansion at dawn, pale light. Korean animation style, soft cel shading, clean line art, warm muted colors, Joseon dynasty 1730s, no text","노 청지기였습니다 ""청지기 할아범, 뭐 해?"" 노 청지기의 손이 멈췄어요","노 청지기였습니다 ""청지기 할아범, 뭐 해?"" 노 청지기의 손이 멈췄어요 청지기는 준이를 돌아보며 웃었지요","노청지기,준이",juni_room_dawn,"Korean animation style, soft cel shading, clean line art, warm muted colors, Joseon dynasty 1730s",dialogue,10.970,3528.270,3539.240,S027
"Steward No smiling gently with cold eyes. Characters: Steward No (bent old steward in brown robe), Juni (7-year-old noble boy with red ribbon). Setting: a child's room in a Joseon mansion at dawn, pale light. Korean animation style, soft cel shading, clean line art, warm muted colors, Joseon dynasty 1730s, no text","여느 때와 같은 온화한 웃음이었지만, 눈은 웃고 있지 않았습니다 ""도련님","여느 때와 같은 온화한 웃음이었지만, 눈은 웃고 있지 않았습니다 ""도련님, 이 옷에 얼룩이 졌기에 빨래하려던 참입니다.""","노청지기,준이",juni_room_dawn,"Korean animation style, soft cel shading, clean line art, warm muted colors, Joseon dynasty 1730s",dialogue,12.340,3539.240,3551.580,S027
"Steward No carrying the rolled robe toward a glowing kitchen furnace. Characters: Steward No (bent old steward in brown robe). Setting: Joseon mansion kitchen at dawn with a glowing furnace fire. Korean animation style, soft cel shading, clean line art, warm muted colors, Joseon dynasty 1730s, no text",청지기는 도포를 둘둘 말아 들고 일어섰어요 그러고는 곧장 부엌 쪽으로 걸,청지기는 도포를 둘둘 말아 들고 일어섰어요 그러고는 곧장 부엌 쪽으로 걸음을 옮겼습니다 새벽 불을 지핀 아궁이가 벌겋게 입을 벌리고 있었지요,노청지기,kitchen_dawn,"Korean animation style, soft cel shading, clean line art, warm muted colors, Joseon dynasty 1730s",scene,13.430,3551.580,3565.010,S027
"flash of the eye at the paper window hole, now revealed as Steward No. Characters: Steward No (bent old steward in brown robe). Setting: Joseon mansion kitchen at dawn with a glowing furnace fire. Korean animation style, soft cel shading, clean line art, warm muted colors, Joseon dynasty 1730s, no text","며칠 전 밤, 창호지 구멍 너머에서 달래를 지켜보던 그림자가 누구였는지,","며칠 전 밤, 창호지 구멍 너머에서 달래를 지켜보던 그림자가 누구였는지, 이제 여러분은 아시게 되었을 겁니다",노청지기,kitchen_dawn,"Korean animation style, soft cel shading, clean line art, warm muted colors, Joseon dynasty 1730s",narration,10.620,3565.010,3575.630,S027
"Juni barefoot hanging onto Steward No's arm as he raises the robe over the fire. Characters: Juni (7-year-old noble boy with red ribbon), Steward No (bent old steward in brown robe). Setting: Joseon mansion kitchen at dawn with a glowing furnace fire. Korean animation style, soft cel shading, clean line art, warm muted colors, Joseon dynasty 1730s, no text","준이가 맨발로 뛰쳐나갔어요 청지기가 도포를 아궁이 쪽으로 치켜든 찰나, ","준이가 맨발로 뛰쳐나갔어요 청지기가 도포를 아궁이 쪽으로 치켜든 찰나, 준이가 그 팔에 매달렸습니다 ""안 돼! 그건 할아버지 옷이야!""","준이,노청지기",kitchen_dawn,"Korean animation style, soft cel shading, clean line art, warm muted colors, Joseon dynasty 1730s",dialogue,13.530,3575.630,3589.160,S027
"the robe falling, Juni hugging it and running across the frosty courtyard. Characters: Juni (7-year-old noble boy with red ribbon). Setting: noble mansion courtyard at blue dawn, frost on the ground. Korean animation style, soft cel shading, clean line art, warm muted colors, Joseon dynasty 1730s, no text",도포가 바닥으로 떨어졌어요 준이는 도포를 끌어안고 부엌 뒷문으로 내달렸습,도포가 바닥으로 떨어졌어요 준이는 도포를 끌어안고 부엌 뒷문으로 내달렸습니다 작은 발이 서리 내린 마당을 가로질렀지요,준이,courtyard_dawn,"Korean animation style, soft cel shading, clean line art, warm muted colors, Joseon dynasty 1730s",scene,11.520,3589.160,3600.680,S027
"kitchen maids entering, Steward No stopping his chase. Characters: Steward No (bent old steward in brown robe). Setting: Joseon mansion kitchen at dawn with a glowing furnace fire. Korean animation style, soft cel shading, clean line art, warm muted colors, Joseon dynasty 1730s, no text",뒤에서 청지기가 이름을 부르는 소리가 들렸습니다 하지만 곧 부엌으로 찬모,뒤에서 청지기가 이름을 부르는 소리가 들렸습니다 하지만 곧 부엌으로 찬모들이 하나둘 들어서는 소리가 났어요 잔칫날 새벽이었으니까요,노청지기,kitchen_dawn,"Korean animation style, soft cel shading, clean line art, warm muted colors, Joseon dynasty 1730s",scene,12.340,3600.680,3613.020,S027
"Juni crouching behind large soy sauce jars. Characters: Juni (7-year-old noble boy with red ribbon). Setting: jar terrace with large soy sauce jars behind a Joseon house, dawn. Korean animation style, soft cel shading, clean line art, warm muted colors, Joseon dynasty 1730s, no text",청지기는 더 쫓아오지 못했습니다 준이는 뒤꼍 장독대 뒤에 몸을 웅크렸어요,청지기는 더 쫓아오지 못했습니다 준이는 뒤꼍 장독대 뒤에 몸을 웅크렸어요,준이,jar_terrace,"Korean animation style, soft cel shading, clean line art, warm muted colors, Joseon dynasty 1730s",scene,8.150,3613.020,3621.170,S027
"Juni hugging the robe tightly behind the jars, waiting. Characters: Juni (7-year-old noble boy with red ribbon). Setting: jar terrace with large soy sauce jars behind a Joseon house, dawn. Korean animation style, soft cel shading, clean line art, warm muted colors, Joseon dynasty 1730s, no text","도포를 품에 꼭 안은 채, 할아버지가 대청에 나오시기만을 기다렸습니다 새","도포를 품에 꼭 안은 채, 할아버지가 대청에 나오시기만을 기다렸습니다 새끼손가락에 건 약속이 있었으니까요",준이,jar_terrace,"Korean animation style, soft cel shading, clean line art, warm muted colors, Joseon dynasty 1730s",scene,10.770,3621.170,3631.940,S027
"sunrise on the feast day, blue and red lanterns at the gate, awnings in the courtyard. Setting: noble mansion courtyard decorated for a 60th birthday feast, lanterns, red cloth tables, awnings, spring morning. Korean animation style, soft cel shading, clean line art, warm muted colors, Joseon dynasty 1730s, no text","해가 떠올랐습니다 대감의 환갑 잔칫날이었지요 대문에는 청사초롱이 걸렸고,","해가 떠올랐습니다 대감의 환갑 잔칫날이었지요 대문에는 청사초롱이 걸렸고, 마당에는 차일이 쳐졌습니다",,courtyard_feast,"Korean animation style, soft cel shading, clean line art, warm muted colors, Joseon dynasty 1730s",scene,11.970,3631.940,3643.910,S028
"guests arriving, steam rising from iron cauldrons in the kitchen. Setting: Joseon mansion kitchen with iron cauldrons, clay stove, firewood, steam. Korean animation style, soft cel shading, clean line art, warm muted colors, Joseon dynasty 1730s, no text",손님들이 하나둘 들어서기 시작했어요 부엌에서는 새벽부터 가마솥마다 김이 ,손님들이 하나둘 들어서기 시작했어요 부엌에서는 새벽부터 가마솥마다 김이 올랐습니다,,kitchen,"Korean animation style, soft cel shading, clean line art, warm muted colors, Joseon dynasty 1730s",scene,9.450,3643.910,3653.360,S028
"close-up of red bean rice cakes steaming and mung bean pancakes sizzling. Setting: Joseon mansion kitchen with iron cauldrons, clay stove, firewood, steam. Korean animation style, soft cel shading, clean line art, warm muted colors, Joseon dynasty 1730s, no text","떡시루에서는 팥 시루떡이 익어 가고, 번철 위에서는 녹두전이 지글지글 소","떡시루에서는 팥 시루떡이 익어 가고, 번철 위에서는 녹두전이 지글지글 소리를 냈지요",,kitchen,"Korean animation style, soft cel shading, clean line art, warm muted colors, Joseon dynasty 1730s",scene,8.530,3653.360,3661.890,S028
"tables piled with fruit and rice cakes under red cloth, spring sunlight. Setting: noble mansion courtyard decorated for a 60th birthday feast, lanterns, red cloth tables, awnings, spring morning. Korean animation style, soft cel shading, clean line art, warm muted colors, Joseon dynasty 1730s, no text","대청에는 높이 괸 과일과 떡이 줄지어 놓였고, 붉은 보를 덮은 상 위로 ","대청에는 높이 괸 과일과 떡이 줄지어 놓였고, 붉은 보를 덮은 상 위로 봄볕이 비껴 들었어요",,courtyard_feast,"Korean animation style, soft cel shading, clean line art, warm muted colors, Joseon dynasty 1730s",scene,8.890,3661.890,3670.780,S028
"noblemen in gat hats entering the gate, exchanging greetings. Setting: noble mansion courtyard decorated for a 60th birthday feast, lanterns, red cloth tables, awnings, spring morning. Korean animation style, soft cel shading, clean line art, warm muted colors, Joseon dynasty 1730s, no text","대감의 벗들이 갓을 바로 쓰고 하나둘 대문을 들어서며, 서로 덕담을 주고","대감의 벗들이 갓을 바로 쓰고 하나둘 대문을 들어서며, 서로 덕담을 주고받았습니다",,courtyard_feast,"Korean animation style, soft cel shading, clean line art, warm muted colors, Joseon dynasty 1730s",scene,7.600,3670.780,3678.380,S028
"two constables entering, Dallae dragged out of the sewing room. Characters: Dallae (young seamstress in faded white jeogori). Setting: noble mansion courtyard decorated for a 60th birthday feast, lanterns, red cloth tables, awnings, spring morning. Korean animation style, soft cel shading, clean line art, warm muted colors, Joseon dynasty 1730s, no text","그런데 잔치 음식 냄새보다 먼저 대문을 넘은 것은, 관아의 포졸 둘이었습","그런데 잔치 음식 냄새보다 먼저 대문을 넘은 것은, 관아의 포졸 둘이었습니다 침방의 빗장이 풀리고, 달래가 끌려 나왔어요",달래,courtyard_feast,"Korean animation style, soft cel shading, clean line art, warm muted colors, Joseon dynasty 1730s",scene,12.440,3678.380,3690.820,S028
"guests whispering, a constable taking out a straw rope. Setting: noble mansion courtyard decorated for a 60th birthday feast, lanterns, red cloth tables, awnings, spring morning. Korean animation style, soft cel shading, clean line art, warm muted colors, Joseon dynasty 1730s, no text","손님들이 수군거렸습니다 잔칫날 아침에 도둑이라니, 이 무슨 일이냐고요 포","손님들이 수군거렸습니다 잔칫날 아침에 도둑이라니, 이 무슨 일이냐고요 포졸 하나가 포승줄을 꺼내 들었어요",,courtyard_feast,"Korean animation style, soft cel shading, clean line art, warm muted colors, Joseon dynasty 1730s",scene,11.250,3690.820,3702.070,S028
"rope wrapping Dallae's wrists, Sundeok-eomeom crying into her apron. Characters: Dallae (young seamstress in faded white jeogori), Sundeok-eomeom (stout kitchen woman in apron). Setting: noble mansion courtyard decorated for a 60th birthday feast, lanterns, red cloth tables, awnings, spring morning. Korean animation style, soft cel shading, clean line art, warm muted colors, Joseon dynasty 1730s, no text",거친 새끼줄이 달래의 손목에 감기기 시작했습니다 순덕어멈은 부엌 문간에서,거친 새끼줄이 달래의 손목에 감기기 시작했습니다 순덕어멈은 부엌 문간에서 앞치마로 얼굴을 가린 채 울고만 있었지요,"달래,순덕어멈",courtyard_feast,"Korean animation style, soft cel shading, clean line art, warm muted colors, Joseon dynasty 1730s",scene,11.470,3702.070,3713.540,S028
"Kwak blocked by Steward No's glance, Lord Shim silent on the hall. Characters: Kwak (sunburnt broad-shouldered farm manager), Steward No (bent old steward in brown robe), Lord Shim (elderly nobleman with white beard). Setting: noble mansion courtyard decorated for a 60th birthday feast, lanterns, red cloth tables, awnings, spring morning. Korean animation style, soft cel shading, clean line art, warm muted colors, Joseon dynasty 1730s, no text",곽 마름은 한 걸음 나서려다 노 청지기의 눈길에 막혀 멈춰 섰습니다 그리,"곽 마름은 한 걸음 나서려다 노 청지기의 눈길에 막혀 멈춰 섰습니다 그리고 대청마루 위의 대감은, 아무 말이 없었어요","곽마름,노청지기,심대감",courtyard_feast,"Korean animation style, soft cel shading, clean line art, warm muted colors, Joseon dynasty 1730s",scene,11.760,3713.540,3725.300,S028
"Dallae looking up at the clear sky beyond the gate. Characters: Dallae (young seamstress in faded white jeogori). Setting: noble mansion courtyard decorated for a 60th birthday feast, lanterns, red cloth tables, awnings, spring morning. Korean animation style, soft cel shading, clean line art, warm muted colors, Joseon dynasty 1730s, no text",입술을 꾹 다문 채 달래를 내려다볼 뿐이었지요 누구도 달래를 구하지 않았,입술을 꾹 다문 채 달래를 내려다볼 뿐이었지요 누구도 달래를 구하지 않았습니다 달래는 고개를 들어 대문 밖 하늘을 한 번 올려다보았어요,달래,courtyard_feast,"Korean animation style, soft cel shading, clean line art, warm muted colors, Joseon dynasty 1730s",reaction,12.930,3725.300,3738.230,S028
"flashback: little Dallae standing by a jar terrace at dawn. Characters: Dallae (young seamstress in faded white jeogori). Setting: modest scholar's house in Joseon, soft faded memory tone. Korean animation style, soft cel shading, clean line art, warm muted colors, Joseon dynasty 1730s, no text","열두 살 그날도, 꼭 이렇게 맑은 날이었습니다 그날 새벽, 어린 달래는 ","열두 살 그날도, 꼭 이렇게 맑은 날이었습니다 그날 새벽, 어린 달래는 장독대 곁에 서 있었어요",달래,flashback_home,"Korean animation style, soft cel shading, clean line art, warm muted colors, Joseon dynasty 1730s",narration,9.690,3738.230,3747.920,S028
"flashback: a constable's large hand on the little girl's shoulder. Characters: Dallae (young seamstress in faded white jeogori). Setting: modest scholar's house in Joseon, soft faded memory tone. Korean animation style, soft cel shading, clean line art, warm muted colors, Joseon dynasty 1730s, no text","포졸의 커다란 손이 어깨를 누르고, 낯선 목소리가 귓가에서 물었지요","포졸의 커다란 손이 어깨를 누르고, 낯선 목소리가 귓가에서 물었지요",달래,flashback_home,"Korean animation style, soft cel shading, clean line art, warm muted colors, Joseon dynasty 1730s",narration,6.710,3747.920,3754.630,S028
"flashback: constables rushing behind the jars, a scholar dragged out. Setting: modest scholar's house in Joseon, soft faded memory tone. Korean animation style, soft cel shading, clean line art, warm muted colors, Joseon dynasty 1730s, no text","달래가 무어라 대답하자 포졸들이 장독대 뒤로 몰려갔고, 잠시 뒤 아버지가","달래가 무어라 대답하자 포졸들이 장독대 뒤로 몰려갔고, 잠시 뒤 아버지가 마당으로 끌려 나왔습니다",,flashback_home,"Korean animation style, soft cel shading, clean line art, warm muted colors, Joseon dynasty 1730s",narration,9.560,3754.630,3764.190,S028
"flashback: the father looking back at his daughter as he is taken away. Characters: Dallae (young seamstress in faded white jeogori). Setting: modest scholar's house in Joseon, soft faded memory tone. Korean animation style, soft cel shading, clean line art, warm muted colors, Joseon dynasty 1730s, no text","아버지는 끌려가면서도 달래를 돌아보았어요 그 눈빛이 무슨 뜻이었는지, 달","아버지는 끌려가면서도 달래를 돌아보았어요 그 눈빛이 무슨 뜻이었는지, 달래는 열두 해가 지나도록 알지 못했습니다",달래,flashback_home,"Korean animation style, soft cel shading, clean line art, warm muted colors, Joseon dynasty 1730s",narration,12.030,3764.190,3776.220,S028
"Juni bursting out from behind the jar terrace shouting. Characters: Juni (7-year-old noble boy with red ribbon). Setting: jar terrace with large soy sauce jars behind a Joseon house, dawn. Korean animation style, soft cel shading, clean line art, warm muted colors, Joseon dynasty 1730s, no text","그 뒤로 달래는 장독대만 보아도 걸음을 돌렸지요 바로 그때였어요 ""할아버","그 뒤로 달래는 장독대만 보아도 걸음을 돌렸지요 바로 그때였어요 ""할아버지!"" 뒤꼍 장독대 쪽에서 작은 아이 하나가 튀어나왔습니다",준이,jar_terrace,"Korean animation style, soft cel shading, clean line art, warm muted colors, Joseon dynasty 1730s",scene,13.370,3776.220,3789.590,S028
"Juni with muddy bare feet running with the indigo robe in his arms. Characters: Juni (7-year-old noble boy with red ribbon). Setting: noble mansion courtyard decorated for a 60th birthday feast, lanterns, red cloth tables, awnings, spring morning. Korean animation style, soft cel shading, clean line art, warm muted colors, Joseon dynasty 1730s, no text","준이였지요 맨발은 흙투성이였고, 두 팔에는 쪽빛 도포가 꼭 안겨 있었어요","준이였지요 맨발은 흙투성이였고, 두 팔에는 쪽빛 도포가 꼭 안겨 있었어요",준이,courtyard_feast,"Korean animation style, soft cel shading, clean line art, warm muted colors, Joseon dynasty 1730s",scene,8.460,3789.590,3798.050,S028
"Juni climbing onto the hall and pushing the robe into his grandfather's arms. Characters: Juni (7-year-old noble boy with red ribbon), Lord Shim (elderly nobleman with white beard). Setting: noble mansion courtyard decorated for a 60th birthday feast, lanterns, red cloth tables, awnings, spring morning. Korean animation style, soft cel shading, clean line art, warm muted colors, Joseon dynasty 1730s, no text","준이는 마당을 가로질러 대청 위로 뛰어올라, 할아버지 품에 도포를 안겼습","준이는 마당을 가로질러 대청 위로 뛰어올라, 할아버지 품에 도포를 안겼습니다 ""할아버지, 이거 입어요. 오늘 꼭 입으셔야 한대요.""","준이,심대감",courtyard_feast,"Korean animation style, soft cel shading, clean line art, warm muted colors, Joseon dynasty 1730s",dialogue,12.370,3798.050,3810.420,S028
"the courtyard silent, Steward No turning pale. Characters: Steward No (bent old steward in brown robe). Setting: noble mansion courtyard decorated for a 60th birthday feast, lanterns, red cloth tables, awnings, spring morning. Korean animation style, soft cel shading, clean line art, warm muted colors, Joseon dynasty 1730s, no text",마당이 쥐 죽은 듯 조용해졌어요 노 청지기의 얼굴에서 핏기가 가셨습니다 ,마당이 쥐 죽은 듯 조용해졌어요 노 청지기의 얼굴에서 핏기가 가셨습니다 대감은 영문을 모른 채 도포를 받아 들었어요,노청지기,courtyard_feast,"Korean animation style, soft cel shading, clean line art, warm muted colors, Joseon dynasty 1730s",reaction,11.980,3810.420,3822.400,S028
"Lord Shim putting on the robe, pausing as he feels the lining. Characters: Lord Shim (elderly nobleman with white beard). Setting: noble mansion courtyard decorated for a 60th birthday feast, lanterns, red cloth tables, awnings, spring morning. Korean animation style, soft cel shading, clean line art, warm muted colors, Joseon dynasty 1730s, no text",그리고 손자의 성화에 못 이겨 소매에 팔을 꿰었지요 옷깃을 여미던 대감의,그리고 손자의 성화에 못 이겨 소매에 팔을 꿰었지요 옷깃을 여미던 대감의 손이 멈췄습니다 안감 어딘가가 까슬까슬했던 겁니다,심대감,courtyard_feast,"Korean animation style, soft cel shading, clean line art, warm muted colors, Joseon dynasty 1730s",scene,12.690,3822.400,3835.090,S028
"Dallae with rope half-wrapped stepping forward toward the hall. Characters: Dallae (young seamstress in faded white jeogori). Setting: noble mansion courtyard decorated for a 60th birthday feast, lanterns, red cloth tables, awnings, spring morning. Korean animation style, soft cel shading, clean line art, warm muted colors, Joseon dynasty 1730s, no text","그때였습니다 포승줄이 손목에 반쯤 감긴 채 서 있던 달래가, 대청을 향해","그때였습니다 포승줄이 손목에 반쯤 감긴 채 서 있던 달래가, 대청을 향해 한 걸음 나섰어요 그리고 입을 열었습니다",달래,courtyard_feast,"Korean animation style, soft cel shading, clean line art, warm muted colors, Joseon dynasty 1730s",scene,11.470,3835.090,3846.560,S029
"Dallae speaking clearly for the first time, everyone freezing. Characters: Dallae (young seamstress in faded white jeogori), Lord Shim (elderly nobleman with white beard). Setting: noble mansion courtyard decorated for a 60th birthday feast, lanterns, red cloth tables, awnings, spring morning. Korean animation style, soft cel shading, clean line art, warm muted colors, Joseon dynasty 1730s, no text","""대감마님. 그 도포를 잠시만 벗어 주십시오."" 맑고 또렷한 목소리였어요","""대감마님. 그 도포를 잠시만 벗어 주십시오."" 맑고 또렷한 목소리였어요 마당에 있던 모든 사람이 얼어붙었습니다","달래,심대감",courtyard_feast,"Korean animation style, soft cel shading, clean line art, warm muted colors, Joseon dynasty 1730s",dialogue,11.670,3846.560,3858.230,S029
"the rope slipping from the constable's hand, Sundeok-eomeom dropping her apron, Kwak open-mouthed. Characters: Sundeok-eomeom (stout kitchen woman in apron), Kwak (sunburnt broad-shouldered farm manager). Setting: noble mansion courtyard decorated for a 60th birthday feast, lanterns, red cloth tables, awnings, spring morning. Korean animation style, soft cel shading, clean line art, warm muted colors, Joseon dynasty 1730s, no text","포졸의 손에서 포승줄이 스르르 풀렸지요 순덕어멈이 앞치마를 떨어뜨렸고, ","포졸의 손에서 포승줄이 스르르 풀렸지요 순덕어멈이 앞치마를 떨어뜨렸고, 곽 마름은 입을 벌린 채 굳어 버렸습니다","순덕어멈,곽마름",courtyard_feast,"Korean animation style, soft cel shading, clean line art, warm muted colors, Joseon dynasty 1730s",reaction,10.690,3858.230,3868.920,S029
"Lord Shim's voice cracking in shock. Characters: Lord Shim (elderly nobleman with white beard). Setting: noble mansion courtyard decorated for a 60th birthday feast, lanterns, red cloth tables, awnings, spring morning. Korean animation style, soft cel shading, clean line art, warm muted colors, Joseon dynasty 1730s, no text","삼 년 동안 말 못 하는 줄로만 알았던 침모가, 말을 한 겁니다 대감이 ","삼 년 동안 말 못 하는 줄로만 알았던 침모가, 말을 한 겁니다 대감이 한참 만에 입을 열었어요 목소리가 조금 갈라져 있었지요",심대감,courtyard_feast,"Korean animation style, soft cel shading, clean line art, warm muted colors, Joseon dynasty 1730s",reaction,11.950,3868.920,3880.870,S029
"Lord Shim asking, Dallae looking straight up at him. Characters: Lord Shim (elderly nobleman with white beard), Dallae (young seamstress in faded white jeogori). Setting: noble mansion courtyard decorated for a 60th birthday feast, lanterns, red cloth tables, awnings, spring morning. Korean animation style, soft cel shading, clean line art, warm muted colors, Joseon dynasty 1730s, no text","""너, 말을 할 줄 아느냐?"" 달래는 대감의 눈을 똑바로 올려다보았습니다","""너, 말을 할 줄 아느냐?"" 달래는 대감의 눈을 똑바로 올려다보았습니다","심대감,달래",courtyard_feast,"Korean animation style, soft cel shading, clean line art, warm muted colors, Joseon dynasty 1730s",dialogue,6.900,3880.870,3887.770,S029
"Dallae speaking firmly, Lord Shim slowly taking off the robe. Characters: Dallae (young seamstress in faded white jeogori), Lord Shim (elderly nobleman with white beard). Setting: noble mansion courtyard decorated for a 60th birthday feast, lanterns, red cloth tables, awnings, spring morning. Korean animation style, soft cel shading, clean line art, warm muted colors, Joseon dynasty 1730s, no text","""안감을 뜯어 보시면, 이 집의 쌀이 어디로 사라졌는지 아시게 될 것입니","""안감을 뜯어 보시면, 이 집의 쌀이 어디로 사라졌는지 아시게 될 것입니다."" 달래는 더 말하지 않았어요 대감은 천천히 도포를 벗었습니다","달래,심대감",courtyard_feast,"Korean animation style, soft cel shading, clean line art, warm muted colors, Joseon dynasty 1730s",dialogue,13.860,3887.770,3901.630,S029
"Lord Shim cutting the lining seam with a small silver knife. Characters: Lord Shim (elderly nobleman with white beard). Setting: noble mansion courtyard decorated for a 60th birthday feast, lanterns, red cloth tables, awnings, spring morning. Korean animation style, soft cel shading, clean line art, warm muted colors, Joseon dynasty 1730s, no text","그리고 허리춤의 작은 은장도를 꺼내, 안감의 솔기를 한 땀 한 땀 끊어 ","그리고 허리춤의 작은 은장도를 꺼내, 안감의 솔기를 한 땀 한 땀 끊어 냈지요",심대감,courtyard_feast,"Korean animation style, soft cel shading, clean line art, warm muted colors, Joseon dynasty 1730s",scene,7.100,3901.630,3908.730,S029
"close-up of the opened lining full of red and blue stitches. Setting: noble mansion courtyard decorated for a 60th birthday feast, lanterns, red cloth tables, awnings, spring morning. Korean animation style, soft cel shading, clean line art, warm muted colors, Joseon dynasty 1730s, no text","안감이 벌어지자, 그 안쪽 가득 붉은 실과 푸른 실이 촘촘히 수놓여 있었","안감이 벌어지자, 그 안쪽 가득 붉은 실과 푸른 실이 촘촘히 수놓여 있었습니다",,courtyard_feast,"Korean animation style, soft cel shading, clean line art, warm muted colors, Joseon dynasty 1730s",scene,7.610,3908.730,3916.340,S029
"extreme close-up of big knots, small stitches, and tiny butterfly knots in rows. Setting: noble mansion courtyard decorated for a 60th birthday feast, lanterns, red cloth tables, awnings, spring morning. Korean animation style, soft cel shading, clean line art, warm muted colors, Joseon dynasty 1730s, no text","굵은 매듭, 가는 땀, 그리고 군데군데 작은 나비 매듭이 줄지어 늘어서 ","굵은 매듭, 가는 땀, 그리고 군데군데 작은 나비 매듭이 줄지어 늘어서 있었지요 대감의 눈이 그 바늘땀을 따라 움직이기 시작했어요",,courtyard_feast,"Korean animation style, soft cel shading, clean line art, warm muted colors, Joseon dynasty 1730s",scene,12.620,3916.340,3928.960,S029
"Lord Shim's sharp calculating eyes following the stitches. Characters: Lord Shim (elderly nobleman with white beard). Setting: noble mansion courtyard decorated for a 60th birthday feast, lanterns, red cloth tables, awnings, spring morning. Korean animation style, soft cel shading, clean line art, warm muted colors, Joseon dynasty 1730s, no text",한때 셈판 대감이라 불리던 사람의 눈이었습니다,한때 셈판 대감이라 불리던 사람의 눈이었습니다,심대감,courtyard_feast,"Korean animation style, soft cel shading, clean line art, warm muted colors, Joseon dynasty 1730s",reaction,4.360,3928.960,3933.320,S029
"Dallae kneeling below the hall explaining the stitches. Characters: Dallae (young seamstress in faded white jeogori). Setting: noble mansion courtyard decorated for a 60th birthday feast, lanterns, red cloth tables, awnings, spring morning. Korean animation style, soft cel shading, clean line art, warm muted colors, Joseon dynasty 1730s, no text","달래가 대청 아래에 무릎을 꿇고, 바늘땀 하나하나를 풀어 말했습니다","달래가 대청 아래에 무릎을 꿇고, 바늘땀 하나하나를 풀어 말했습니다",달래,courtyard_feast,"Korean animation style, soft cel shading, clean line art, warm muted colors, Joseon dynasty 1730s",scene,6.280,3933.320,3939.600,S030
"Dallae pointing at red and blue threads. Characters: Dallae (young seamstress in faded white jeogori). Setting: noble mansion courtyard decorated for a 60th birthday feast, lanterns, red cloth tables, awnings, spring morning. Korean animation style, soft cel shading, clean line art, warm muted colors, Joseon dynasty 1730s, no text","""붉은 실은 곳간에 실제로 들어온 섬 수입니다. 푸른 실은 추수기에 적힌","""붉은 실은 곳간에 실제로 들어온 섬 수입니다. 푸른 실은 추수기에 적힌 섬 수입니다",달래,courtyard_feast,"Korean animation style, soft cel shading, clean line art, warm muted colors, Joseon dynasty 1730s",dialogue,8.640,3939.600,3948.240,S030
"Dallae pointing at the butterfly knots. Characters: Dallae (young seamstress in faded white jeogori). Setting: noble mansion courtyard decorated for a 60th birthday feast, lanterns, red cloth tables, awnings, spring morning. Korean animation style, soft cel shading, clean line art, warm muted colors, Joseon dynasty 1730s, no text","굵은 매듭 하나가 열 섬, 가는 땀 하나가 한 섬입니다 나비 매듭은 한밤","굵은 매듭 하나가 열 섬, 가는 땀 하나가 한 섬입니다 나비 매듭은 한밤중 뒷문으로 달구지가 나간 날입니다. 모두 세 해 치입니다.""",달래,courtyard_feast,"Korean animation style, soft cel shading, clean line art, warm muted colors, Joseon dynasty 1730s",dialogue,13.590,3948.240,3961.830,S030
"Kwak presenting three notebooks with both hands. Characters: Kwak (sunburnt broad-shouldered farm manager), Lord Shim (elderly nobleman with white beard). Setting: noble mansion courtyard decorated for a 60th birthday feast, lanterns, red cloth tables, awnings, spring morning. Korean animation style, soft cel shading, clean line art, warm muted colors, Joseon dynasty 1730s, no text",대감이 곽 마름을 불렀어요 곽 마름이 품에서 세 권의 수첩을 꺼내 두 손,대감이 곽 마름을 불렀어요 곽 마름이 품에서 세 권의 수첩을 꺼내 두 손으로 바쳤지요,"곽마름,심대감",courtyard_feast,"Korean animation style, soft cel shading, clean line art, warm muted colors, Joseon dynasty 1730s",scene,8.500,3961.830,3970.330,S030
"the ledger and notebooks spread side by side on the hall. Characters: Lord Shim (elderly nobleman with white beard). Setting: noble mansion courtyard decorated for a 60th birthday feast, lanterns, red cloth tables, awnings, spring morning. Korean animation style, soft cel shading, clean line art, warm muted colors, Joseon dynasty 1730s, no text",대감은 사랑채의 추수기를 가져오게 해 수첩과 나란히 펼쳤습니다 해마다 서,대감은 사랑채의 추수기를 가져오게 해 수첩과 나란히 펼쳤습니다 해마다 서른 섬 가까이가 수첩과 장부 사이에서 사라져 있었어요,심대감,courtyard_feast,"Korean animation style, soft cel shading, clean line art, warm muted colors, Joseon dynasty 1730s",scene,12.620,3970.330,3982.950,S030
"Lord Shim tracing between notebook, ledger, and stitches. Characters: Lord Shim (elderly nobleman with white beard). Setting: noble mansion courtyard decorated for a 60th birthday feast, lanterns, red cloth tables, awnings, spring morning. Korean animation style, soft cel shading, clean line art, warm muted colors, Joseon dynasty 1730s, no text",바늘땀이 가리키는 숫자와 한 치도 어긋나지 않았습니다 대감은 수첩과 장부,"바늘땀이 가리키는 숫자와 한 치도 어긋나지 않았습니다 대감은 수첩과 장부, 그리고 안감의 바늘땀을 번갈아 짚었어요",심대감,courtyard_feast,"Korean animation style, soft cel shading, clean line art, warm muted colors, Joseon dynasty 1730s",scene,11.450,3982.950,3994.400,S030
"Lord Shim's face darkening year by year. Characters: Lord Shim (elderly nobleman with white beard). Setting: noble mansion courtyard decorated for a 60th birthday feast, lanterns, red cloth tables, awnings, spring morning. Korean animation style, soft cel shading, clean line art, warm muted colors, Joseon dynasty 1730s, no text","한 해, 또 한 해 손가락이 옮겨 갈 때마다 대감의 얼굴빛이 조금씩 어두","한 해, 또 한 해 손가락이 옮겨 갈 때마다 대감의 얼굴빛이 조금씩 어두워졌지요",심대감,courtyard_feast,"Korean animation style, soft cel shading, clean line art, warm muted colors, Joseon dynasty 1730s",reaction,9.160,3994.400,4003.560,S030
"guests holding their breath watching the hall. Setting: noble mansion courtyard decorated for a 60th birthday feast, lanterns, red cloth tables, awnings, spring morning. Korean animation style, soft cel shading, clean line art, warm muted colors, Joseon dynasty 1730s, no text",잔치에 온 손님들도 숨을 죽인 채 대청을 올려다보았습니다 한때 나라의 곳,"잔치에 온 손님들도 숨을 죽인 채 대청을 올려다보았습니다 한때 나라의 곳간을 셈하던 대감이, 제 집 곳간의 셈을 이제야 맞추고 있었던 겁니다",,courtyard_feast,"Korean animation style, soft cel shading, clean line art, warm muted colors, Joseon dynasty 1730s",scene,13.830,4003.560,4017.390,S030
"Lord Shim asking coldly, no one answering. Characters: Lord Shim (elderly nobleman with white beard). Setting: noble mansion courtyard decorated for a 60th birthday feast, lanterns, red cloth tables, awnings, spring morning. Korean animation style, soft cel shading, clean line art, warm muted colors, Joseon dynasty 1730s, no text","""곽 마름의 수첩을 추수기에 옮겨 적은 사람이 누구냐."" 대감의 물음에 ","""곽 마름의 수첩을 추수기에 옮겨 적은 사람이 누구냐."" 대감의 물음에 아무도 대답하지 않았어요 모두가 알고 있었으니까요",심대감,courtyard_feast,"Korean animation style, soft cel shading, clean line art, warm muted colors, Joseon dynasty 1730s",dialogue,11.790,4017.390,4029.180,S030
"Sundeok-eomeom stepping forward and prostrating herself. Characters: Sundeok-eomeom (stout kitchen woman in apron). Setting: noble mansion courtyard decorated for a 60th birthday feast, lanterns, red cloth tables, awnings, spring morning. Korean animation style, soft cel shading, clean line art, warm muted colors, Joseon dynasty 1730s, no text",삼십 년 동안 그 붓을 쥔 사람은 단 한 사람이었습니다 그때 순덕어멈이 ,"삼십 년 동안 그 붓을 쥔 사람은 단 한 사람이었습니다 그때 순덕어멈이 앞으로 나와 엎드렸어요 ""대감마님, 소인이 죽을죄를 지었습니다",순덕어멈,courtyard_feast,"Korean animation style, soft cel shading, clean line art, warm muted colors, Joseon dynasty 1730s",dialogue,13.670,4029.180,4042.850,S030
"memory of the bent figure leaving the dark sewing room. Characters: Steward No (bent old steward in brown robe). Setting: dark noble mansion courtyard at night, moon behind clouds, tiled roofs. Korean animation style, soft cel shading, clean line art, warm muted colors, Joseon dynasty 1730s, no text","지난 해 어느 밤, 불 꺼진 침방에서 나오는 청지기 어른의 뒷모습을 봤습","지난 해 어느 밤, 불 꺼진 침방에서 나오는 청지기 어른의 뒷모습을 봤습니다",노청지기,courtyard_night,"Korean animation style, soft cel shading, clean line art, warm muted colors, Joseon dynasty 1730s",narration,7.680,4042.850,4050.530,S030
"Sundeok-eomeom confessing in tears, Lord Shim signaling the gatekeeper. Characters: Sundeok-eomeom (stout kitchen woman in apron), Lord Shim (elderly nobleman with white beard). Setting: noble mansion courtyard decorated for a 60th birthday feast, lanterns, red cloth tables, awnings, spring morning. Korean animation style, soft cel shading, clean line art, warm muted colors, Joseon dynasty 1730s, no text","그런데 잘못 봤을지도 모른다고, 괜한 말을 했다가 쫓겨날까 싶어 입을 다","그런데 잘못 봤을지도 모른다고, 괜한 말을 했다가 쫓겨날까 싶어 입을 다물었습니다."" 대감이 행랑아범에게 눈짓했어요","순덕어멈,심대감",courtyard_feast,"Korean animation style, soft cel shading, clean line art, warm muted colors, Joseon dynasty 1730s",dialogue,12.290,4050.530,4062.820,S030
"the gatekeeper finding a bundle of notes and a land deed deep in a chest. Setting: steward's small room with a wooden chest. Korean animation style, soft cel shading, clean line art, warm muted colors, Joseon dynasty 1730s, no text",행랑아범이 노 청지기의 방을 뒤졌습니다 그리고 반닫이 깊숙한 곳에서 쪽지,행랑아범이 노 청지기의 방을 뒤졌습니다 그리고 반닫이 깊숙한 곳에서 쪽지 한 묶음과 땅 문서 한 장을 들고 나왔지요,,steward_room,"Korean animation style, soft cel shading, clean line art, warm muted colors, Joseon dynasty 1730s",scene,11.670,4062.820,4074.490,S030
"close-up of rice trade notes from Mapo merchants matching the butterfly knots. Setting: noble mansion courtyard decorated for a 60th birthday feast, lanterns, red cloth tables, awnings, spring morning. Korean animation style, soft cel shading, clean line art, warm muted colors, Joseon dynasty 1730s, no text",마포의 미전 상인과 쌀을 사고판 거래 쪽지였습니다 쪽지에 적힌 날짜는 도,마포의 미전 상인과 쌀을 사고판 거래 쪽지였습니다 쪽지에 적힌 날짜는 도포 안감의 나비 매듭과 하나하나 맞아떨어졌어요,,courtyard_feast,"Korean animation style, soft cel shading, clean line art, warm muted colors, Joseon dynasty 1730s",scene,12.350,4074.490,4086.840,S030
"memory of the broken lock night. Setting: earthen-walled storehouse at night under moonlight. Korean animation style, soft cel shading, clean line art, warm muted colors, Joseon dynasty 1730s, no text","그 가운데에는 겨울 끝자락, 곳간 자물쇠가 부서졌던 바로 그 밤의 날짜도","그 가운데에는 겨울 끝자락, 곳간 자물쇠가 부서졌던 바로 그 밤의 날짜도 있었습니다",,storehouse_night,"Korean animation style, soft cel shading, clean line art, warm muted colors, Joseon dynasty 1730s",narration,8.460,4086.840,4095.300,S030
"a porter sent by merchants leaving a big footprint, then Steward No collapsing. Setting: earthen-walled storehouse at night under moonlight. Korean animation style, soft cel shading, clean line art, warm muted colors, Joseon dynasty 1730s, no text","그날 밤 곳간 앞에 큰 발자국을 남긴 것은, 미전 상인이 보낸 짐꾼이었던","그날 밤 곳간 앞에 큰 발자국을 남긴 것은, 미전 상인이 보낸 짐꾼이었던 거지요 노 청지기는 마당 한가운데 털썩 주저앉았습니다",,storehouse_night,"Korean animation style, soft cel shading, clean line art, warm muted colors, Joseon dynasty 1730s",narration,13.160,4095.300,4108.460,S030
"Steward No sitting collapsed in the middle of the courtyard, his gentle mask crumbling. Characters: Steward No (bent old steward in brown robe). Setting: noble mansion courtyard decorated for a 60th birthday feast, lanterns, red cloth tables, awnings, spring morning. Korean animation style, soft cel shading, clean line art, warm muted colors, Joseon dynasty 1730s, no text","삼십 년을 쌓아 온 온화한 얼굴이, 한순간에 허물어져 내렸지요","삼십 년을 쌓아 온 온화한 얼굴이, 한순간에 허물어져 내렸지요",노청지기,courtyard_feast,"Korean animation style, soft cel shading, clean line art, warm muted colors, Joseon dynasty 1730s",reaction,6.250,4108.460,4114.710,S030
"evening, Lord Shim, Dallae, and Juni leaning on his knee in the men's quarters. Characters: Lord Shim (elderly nobleman with white beard), Dallae (young seamstress in faded white jeogori), Juni (7-year-old noble boy with red ribbon). Setting: Joseon nobleman's study in the evening, warm lamp light, tea table. Korean animation style, soft cel shading, clean line art, warm muted colors, Joseon dynasty 1730s, no text","소란이 가라앉은 뒤, 대감은 달래를 사랑채로 불렀습니다 방에는 대감과 달","소란이 가라앉은 뒤, 대감은 달래를 사랑채로 불렀습니다 방에는 대감과 달래, 그리고 할아버지 무릎에 기댄 준이뿐이었어요","심대감,달래,준이",sarangchae_evening,"Korean animation style, soft cel shading, clean line art, warm muted colors, Joseon dynasty 1730s",scene,11.820,4114.710,4126.530,S031
"Lord Shim asking quietly. Characters: Lord Shim (elderly nobleman with white beard), Dallae (young seamstress in faded white jeogori). Setting: Joseon nobleman's study in the evening, warm lamp light, tea table. Korean animation style, soft cel shading, clean line art, warm muted colors, Joseon dynasty 1730s, no text","대감이 조용히 물었습니다 ""네 덕에 이 집의 도둑을 잡았다. 헌데 하나만","대감이 조용히 물었습니다 ""네 덕에 이 집의 도둑을 잡았다. 헌데 하나만 묻자 말을 할 수 있으면서, 어찌 그토록 오래 입을 닫고 살았느냐?""","심대감,달래",sarangchae_evening,"Korean animation style, soft cel shading, clean line art, warm muted colors, Joseon dynasty 1730s",dialogue,13.790,4126.530,4140.320,S031
"Dallae hesitating, then placing an old handkerchief before him. Characters: Dallae (young seamstress in faded white jeogori). Setting: Joseon nobleman's study in the evening, warm lamp light, tea table. Korean animation style, soft cel shading, clean line art, warm muted colors, Joseon dynasty 1730s, no text",달래는 오래 망설였어요 그러다 품속에서 낡은 수건을 꺼내 대감 앞에 내려,달래는 오래 망설였어요 그러다 품속에서 낡은 수건을 꺼내 대감 앞에 내려놓았습니다,달래,sarangchae_evening,"Korean animation style, soft cel shading, clean line art, warm muted colors, Joseon dynasty 1730s",scene,9.070,4140.320,4149.390,S031
"close-up of the embroidered handkerchief, Dallae revealing her name. Characters: Dallae (young seamstress in faded white jeogori), Lord Shim (elderly nobleman with white beard). Setting: Joseon nobleman's study in the evening, warm lamp light, tea table. Korean animation style, soft cel shading, clean line art, warm muted colors, Joseon dynasty 1730s, no text","달래라는 두 글자가 수놓인, 삼 년 전 눈 위에 떨어졌던 그 수건이었지요","달래라는 두 글자가 수놓인, 삼 년 전 눈 위에 떨어졌던 그 수건이었지요 ""소녀의 성은 권가입니다. 권 진사의 딸, 권달래입니다.""","달래,심대감",sarangchae_evening,"Korean animation style, soft cel shading, clean line art, warm muted colors, Joseon dynasty 1730s",dialogue,13.500,4149.390,4162.890,S031
"the teacup trembling in Lord Shim's hand. Characters: Lord Shim (elderly nobleman with white beard). Setting: Joseon nobleman's study in the evening, warm lamp light, tea table. Korean animation style, soft cel shading, clean line art, warm muted colors, Joseon dynasty 1730s, no text","대감의 손에서 찻잔이 달그락 흔들렸어요 ""권 진사의, 딸이라고."" 대감의","대감의 손에서 찻잔이 달그락 흔들렸어요 ""권 진사의, 딸이라고."" 대감의 눈앞에 오래전 한 장면이 떠올랐어요",심대감,sarangchae_evening,"Korean animation style, soft cel shading, clean line art, warm muted colors, Joseon dynasty 1730s",reaction,12.100,4162.890,4174.990,S031
"flashback: a spring day, two scholars playing baduk, a little girl reading aloud on the veranda. Characters: Lord Shim (elderly nobleman with white beard). Setting: modest scholar's house in Joseon, soft faded memory tone. Korean animation style, soft cel shading, clean line art, warm muted colors, Joseon dynasty 1730s, no text","권 진사의 사랑채에서 벗과 바둑을 두던 어느 봄날, 마루 끝에서 제 아비","권 진사의 사랑채에서 벗과 바둑을 두던 어느 봄날, 마루 끝에서 제 아비의 책을 소리 내어 읽던 계집아이가 있었습니다",심대감,flashback_home,"Korean animation style, soft cel shading, clean line art, warm muted colors, Joseon dynasty 1730s",narration,10.630,4174.990,4185.620,S031
"flashback: Lord Shim patting the little girl's head, she smiles shyly. Characters: Lord Shim (elderly nobleman with white beard), Dallae (young seamstress in faded white jeogori). Setting: modest scholar's house in Joseon, soft faded memory tone. Korean animation style, soft cel shading, clean line art, warm muted colors, Joseon dynasty 1730s, no text","대감이 기특하다며 머리를 쓰다듬자, 아이는 수줍게 웃으며 제 이름을 말했","대감이 기특하다며 머리를 쓰다듬자, 아이는 수줍게 웃으며 제 이름을 말했지요 달래라고요","심대감,달래",flashback_home,"Korean animation style, soft cel shading, clean line art, warm muted colors, Joseon dynasty 1730s",narration,9.410,4185.620,4195.030,S031
"Dallae telling her story calmly. Characters: Dallae (young seamstress in faded white jeogori), Lord Shim (elderly nobleman with white beard). Setting: Joseon nobleman's study in the evening, warm lamp light, tea table. Korean animation style, soft cel shading, clean line art, warm muted colors, Joseon dynasty 1730s, no text","그 아이가 열두 해를 건너, 지금 대감 앞에 앉아 있었던 겁니다 달래는 ","그 아이가 열두 해를 건너, 지금 대감 앞에 앉아 있었던 겁니다 달래는 담담하게 이야기를 이어 갔습니다","달래,심대감",sarangchae_evening,"Korean animation style, soft cel shading, clean line art, warm muted colors, Joseon dynasty 1730s",scene,10.460,4195.030,4205.490,S031
"flashback: constables storming a scholar's house at dawn. Setting: modest scholar's house in Joseon, soft faded memory tone. Korean animation style, soft cel shading, clean line art, warm muted colors, Joseon dynasty 1730s, no text","열두 살 되던 해, 조정에 큰 옥사가 일어났어요 어느 새벽 포졸들이 집에","열두 살 되던 해, 조정에 큰 옥사가 일어났어요 어느 새벽 포졸들이 집에 들이닥쳤지요",,flashback_home,"Korean animation style, soft cel shading, clean line art, warm muted colors, Joseon dynasty 1730s",narration,8.790,4205.490,4214.280,S031
"flashback: a constable asking the frightened little girl kindly. Characters: Dallae (young seamstress in faded white jeogori). Setting: modest scholar's house in Joseon, soft faded memory tone. Korean animation style, soft cel shading, clean line art, warm muted colors, Joseon dynasty 1730s, no text",겁에 질린 어린 달래에게 포졸 하나가 다정한 척 물었습니다 아버지가 무얼,겁에 질린 어린 달래에게 포졸 하나가 다정한 척 물었습니다 아버지가 무얼 숨기시더냐고요 달래는 떨리는 목소리로 대답했어요,달래,flashback_home,"Korean animation style, soft cel shading, clean line art, warm muted colors, Joseon dynasty 1730s",narration,12.080,4214.280,4226.360,S031
"flashback: a letter pulled from behind the jars, the father taken away. Setting: modest scholar's house in Joseon, soft faded memory tone. Korean animation style, soft cel shading, clean line art, warm muted colors, Joseon dynasty 1730s, no text","아버지가 서찰을 장독 뒤에 숨기셨다고 그 서찰이 끌려 나갔고, 아버지는 ","아버지가 서찰을 장독 뒤에 숨기셨다고 그 서찰이 끌려 나갔고, 아버지는 다시 돌아오지 못했습니다",,flashback_home,"Korean animation style, soft cel shading, clean line art, warm muted colors, Joseon dynasty 1730s",narration,9.590,4226.360,4235.950,S031
"Dallae speaking with a steady voice, silence in the room. Characters: Dallae (young seamstress in faded white jeogori). Setting: Joseon nobleman's study in the evening, warm lamp light, tea table. Korean animation style, soft cel shading, clean line art, warm muted colors, Joseon dynasty 1730s, no text","""그날부터 소녀는 제 입이 아버지를 죽였다고 믿었습니다. 그래서 다시는 ","""그날부터 소녀는 제 입이 아버지를 죽였다고 믿었습니다. 그래서 다시는 입을 열지 않기로 했습니다."" 방 안이 한참 조용했어요",달래,sarangchae_evening,"Korean animation style, soft cel shading, clean line art, warm muted colors, Joseon dynasty 1730s",dialogue,12.320,4235.950,4248.270,S031
"Juni holding Dallae's sleeve, Lord Shim raising his reddened eyes. Characters: Juni (7-year-old noble boy with red ribbon), Lord Shim (elderly nobleman with white beard). Setting: Joseon nobleman's study in the evening, warm lamp light, tea table. Korean animation style, soft cel shading, clean line art, warm muted colors, Joseon dynasty 1730s, no text",준이가 달래의 소매를 꼭 잡았지요 대감이 천천히 고개를 들었습니다 눈가가,준이가 달래의 소매를 꼭 잡았지요 대감이 천천히 고개를 들었습니다 눈가가 붉게 물들어 있었어요,"준이,심대감",sarangchae_evening,"Korean animation style, soft cel shading, clean line art, warm muted colors, Joseon dynasty 1730s",scene,9.720,4248.270,4257.990,S031
"Lord Shim speaking with a trembling voice. Characters: Lord Shim (elderly nobleman with white beard). Setting: Joseon nobleman's study in the evening, warm lamp light, tea table. Korean animation style, soft cel shading, clean line art, warm muted colors, Joseon dynasty 1730s, no text","""아니다. 네 아버지의 일은 그 서찰이 나오기 전에 이미 정해져 있었다 ","""아니다. 네 아버지의 일은 그 서찰이 나오기 전에 이미 정해져 있었다 나는 그 옥사의 문서를 보았던 사람이다.""",심대감,sarangchae_evening,"Korean animation style, soft cel shading, clean line art, warm muted colors, Joseon dynasty 1730s",dialogue,10.680,4257.990,4268.670,S031
"Lord Shim confessing, voice shaking. Characters: Lord Shim (elderly nobleman with white beard), Dallae (young seamstress in faded white jeogori). Setting: Joseon nobleman's study in the evening, warm lamp light, tea table. Korean animation style, soft cel shading, clean line art, warm muted colors, Joseon dynasty 1730s, no text","대감의 목소리가 떨렸습니다 ""네 아버지를 죽인 것은 네가 한 말이 아니다","대감의 목소리가 떨렸습니다 ""네 아버지를 죽인 것은 네가 한 말이 아니다. 그날 해야 할 말을 하지 않은 나였다.""","심대감,달래",sarangchae_evening,"Korean animation style, soft cel shading, clean line art, warm muted colors, Joseon dynasty 1730s",dialogue,11.110,4268.670,4279.780,S031
"flashback: young Lord Shim and his best friend the scholar laughing together. Characters: Lord Shim (elderly nobleman with white beard). Setting: modest scholar's house in Joseon, soft faded memory tone. Korean animation style, soft cel shading, clean line art, warm muted colors, Joseon dynasty 1730s, no text","권 진사는 대감의 가장 오랜 벗이었어요 옥사가 일어났을 때, 대감은 벗을","권 진사는 대감의 가장 오랜 벗이었어요 옥사가 일어났을 때, 대감은 벗을 위해 한마디만 보태면 되었습니다",심대감,flashback_home,"Korean animation style, soft cel shading, clean line art, warm muted colors, Joseon dynasty 1730s",narration,11.170,4279.780,4290.950,S031
"flashback: young Lord Shim silent and looking away in a tense government hall. Characters: Lord Shim (elderly nobleman with white beard). Setting: tense Joseon government hall, faded memory tone. Korean animation style, soft cel shading, clean line art, warm muted colors, Joseon dynasty 1730s, no text",하지만 제 집안에 불똥이 튈까 싶어 끝내 입을 열지 않았지요 그 뒤로 대,하지만 제 집안에 불똥이 튈까 싶어 끝내 입을 열지 않았지요 그 뒤로 대감은 권 진사의 이름만 나와도 말을 돌려 왔던 겁니다,심대감,flashback_court,"Korean animation style, soft cel shading, clean line art, warm muted colors, Joseon dynasty 1730s",narration,11.900,4290.950,4302.850,S031
"Dallae's shoulders shaking as a heavy burden lifts. Characters: Dallae (young seamstress in faded white jeogori). Setting: Joseon nobleman's study in the evening, warm lamp light, tea table. Korean animation style, soft cel shading, clean line art, warm muted colors, Joseon dynasty 1730s, no text","달래의 어깨가 크게 들썩였습니다 열두 해 동안 가슴에 얹혀 있던 돌이, ","달래의 어깨가 크게 들썩였습니다 열두 해 동안 가슴에 얹혀 있던 돌이, 그제야 천천히 내려앉고 있었어요",달래,sarangchae_evening,"Korean animation style, soft cel shading, clean line art, warm muted colors, Joseon dynasty 1730s",reaction,10.210,4302.850,4313.060,S031
"Juni patting Dallae's back with his small hand. Characters: Juni (7-year-old noble boy with red ribbon), Dallae (young seamstress in faded white jeogori). Setting: Joseon nobleman's study in the evening, warm lamp light, tea table. Korean animation style, soft cel shading, clean line art, warm muted colors, Joseon dynasty 1730s, no text","준이가 작은 손으로 달래의 등을 토닥였습니다 열병을 앓던 밤, 달래가 제","준이가 작은 손으로 달래의 등을 토닥였습니다 열병을 앓던 밤, 달래가 제게 해 주던 그대로였지요","준이,달래",sarangchae_evening,"Korean animation style, soft cel shading, clean line art, warm muted colors, Joseon dynasty 1730s",scene,9.590,4313.060,4322.650,S031
"Lord Shim holding Dallae's callused hands in his trembling hands. Characters: Lord Shim (elderly nobleman with white beard), Dallae (young seamstress in faded white jeogori). Setting: Joseon nobleman's study in the evening, warm lamp light, tea table. Korean animation style, soft cel shading, clean line art, warm muted colors, Joseon dynasty 1730s, no text",대감은 떨리는 손으로 달래의 두 손을 감싸 쥐었어요 바늘에 수없이 찔려 ,대감은 떨리는 손으로 달래의 두 손을 감싸 쥐었어요 바늘에 수없이 찔려 굳은살이 앉은 손이었습니다,"심대감,달래",sarangchae_evening,"Korean animation style, soft cel shading, clean line art, warm muted colors, Joseon dynasty 1730s",scene,9.760,4322.650,4332.410,S031
"Lord Shim making a solemn promise. Characters: Lord Shim (elderly nobleman with white beard). Setting: Joseon nobleman's study in the evening, warm lamp light, tea table. Korean animation style, soft cel shading, clean line art, warm muted colors, Joseon dynasty 1730s, no text","""그 아비의 억울함을, 이 늙은이가 늦게나마 조정에 아뢰겠다 옥사의 문서","""그 아비의 억울함을, 이 늙은이가 늦게나마 조정에 아뢰겠다 옥사의 문서에 남은 네 아비의 이름을, 내가 다시 바로 쓰도록 하마.""",심대감,sarangchae_evening,"Korean animation style, soft cel shading, clean line art, warm muted colors, Joseon dynasty 1730s",dialogue,12.830,4332.410,4345.240,S031
"tears falling on the back of Lord Shim's hand. Characters: Dallae (young seamstress in faded white jeogori), Lord Shim (elderly nobleman with white beard). Setting: Joseon nobleman's study in the evening, warm lamp light, tea table. Korean animation style, soft cel shading, clean line art, warm muted colors, Joseon dynasty 1730s, no text","달래는 대답하지 못했어요 대신 대감의 손등 위로 굵은 눈물방울이 하나, ","달래는 대답하지 못했어요 대신 대감의 손등 위로 굵은 눈물방울이 하나, 또 하나 떨어졌습니다","달래,심대감",sarangchae_evening,"Korean animation style, soft cel shading, clean line art, warm muted colors, Joseon dynasty 1730s",scene,9.580,4345.240,4354.820,S031
"Steward No led away by constables through the gate. Characters: Steward No (bent old steward in brown robe). Setting: stone-paved courtyard of a Joseon noble mansion, wooden pillars, tiled roofs, daylight. Korean animation style, soft cel shading, clean line art, warm muted colors, Joseon dynasty 1730s, no text",노 청지기는 그날로 관아에 넘겨졌습니다 삼십 년 충복이라는 이름은 그렇게,노 청지기는 그날로 관아에 넘겨졌습니다 삼십 년 충복이라는 이름은 그렇게 끝이 났어요,노청지기,courtyard,"Korean animation style, soft cel shading, clean line art, warm muted colors, Joseon dynasty 1730s",scene,9.090,4354.820,4363.910,S032
"rice and coins distributed to starving tenant farmers in Yangju. Setting: rice fields and farming village in Yangju, Joseon dynasty. Korean animation style, soft cel shading, clean line art, warm muted colors, Joseon dynasty 1730s, no text","빼돌린 쌀값만큼 고향의 논이 처분되었고, 대감은 그 돈을 양주의 굶주린 ","빼돌린 쌀값만큼 고향의 논이 처분되었고, 대감은 그 돈을 양주의 굶주린 소작인들에게 나누어 주라 일렀습니다 대감은 곽 마름을 불렀어요",,yangju_fields,"Korean animation style, soft cel shading, clean line art, warm muted colors, Joseon dynasty 1730s",scene,13.300,4363.910,4377.210,S032
"Lord Shim appointing Kwak, Kwak scratching his head shyly. Characters: Lord Shim (elderly nobleman with white beard), Kwak (sunburnt broad-shouldered farm manager). Setting: Joseon nobleman's study with desk, inkstone, cabinets, ledgers, paper doors, daylight. Korean animation style, soft cel shading, clean line art, warm muted colors, Joseon dynasty 1730s, no text","""자네를 내칠 뻔했네 내 눈이 어두웠어 이제부터 이 집 청지기 일을 맡아","""자네를 내칠 뻔했네 내 눈이 어두웠어 이제부터 이 집 청지기 일을 맡아 주게."" 곽 마름은 쑥스러운 듯 뒷머리를 긁었습니다","심대감,곽마름",sarangchae,"Korean animation style, soft cel shading, clean line art, warm muted colors, Joseon dynasty 1730s",dialogue,12.690,4377.210,4389.900,S032
"Kwak and Lord Shim talking, Sundeok-eomeom kneeling before Dallae nearby. Characters: Kwak (sunburnt broad-shouldered farm manager), Lord Shim (elderly nobleman with white beard). Setting: Joseon nobleman's study with desk, inkstone, cabinets, ledgers, paper doors, daylight. Korean animation style, soft cel shading, clean line art, warm muted colors, Joseon dynasty 1730s, no text","""저는 셈은 정확해도 말이 험해서요."" ""말 험한 것은 괜찮네. 셈이 정","""저는 셈은 정확해도 말이 험해서요."" ""말 험한 것은 괜찮네. 셈이 정확한 게 중하지."" 순덕어멈은 달래 앞에 무릎을 꿇었어요","곽마름,심대감",sarangchae,"Korean animation style, soft cel shading, clean line art, warm muted colors, Joseon dynasty 1730s",dialogue,11.820,4389.900,4401.720,S032
"Sundeok-eomeom apologizing on her knees. Characters: Sundeok-eomeom (stout kitchen woman in apron), Dallae (young seamstress in faded white jeogori). Setting: small Joseon sewing room with sewing basket, colorful threads, fabrics, paper doors, soft daylight. Korean animation style, soft cel shading, clean line art, warm muted colors, Joseon dynasty 1730s, no text","""내가 삼 년 동안 너한테 못되게 굴었다 그 밤 본 것만 진작 말했어도,","""내가 삼 년 동안 너한테 못되게 굴었다 그 밤 본 것만 진작 말했어도, 네가 포승줄까지 받을 일은 없었을 것을.""","순덕어멈,달래",chimbang,"Korean animation style, soft cel shading, clean line art, warm muted colors, Joseon dynasty 1730s",dialogue,10.570,4401.720,4412.290,S032
"Dallae lifting Sundeok-eomeom up by the hands, speaking gently. Characters: Dallae (young seamstress in faded white jeogori), Sundeok-eomeom (stout kitchen woman in apron). Setting: small Joseon sewing room with sewing basket, colorful threads, fabrics, paper doors, soft daylight. Korean animation style, soft cel shading, clean line art, warm muted colors, Joseon dynasty 1730s, no text","달래가 순덕어멈의 손을 잡아 일으켰습니다 그리고 제 목소리로 말했지요 ""","달래가 순덕어멈의 손을 잡아 일으켰습니다 그리고 제 목소리로 말했지요 ""어멈이 먼저 제 편을 들어 주셨잖아요. 그걸로 되었습니다.""","달래,순덕어멈",chimbang,"Korean animation style, soft cel shading, clean line art, warm muted colors, Joseon dynasty 1730s",dialogue,13.140,4412.290,4425.430,S032
"Sundeok-eomeom sobbing into her apron. Characters: Sundeok-eomeom (stout kitchen woman in apron). Setting: small Joseon sewing room with sewing basket, colorful threads, fabrics, paper doors, soft daylight. Korean animation style, soft cel shading, clean line art, warm muted colors, Joseon dynasty 1730s, no text",순덕어멈은 앞치마에 얼굴을 묻고 한참을 흐느꼈어요 곽 마름은 그 뒤로 이,순덕어멈은 앞치마에 얼굴을 묻고 한참을 흐느꼈어요 곽 마름은 그 뒤로 이 집의 새 청지기가 되었습니다,순덕어멈,chimbang,"Korean animation style, soft cel shading, clean line art, warm muted colors, Joseon dynasty 1730s",scene,10.350,4425.430,4435.780,S032
"Kwak as the new steward writing a ledger carefully. Characters: Kwak (sunburnt broad-shouldered farm manager). Setting: Joseon nobleman's study with desk, inkstone, cabinets, ledgers, paper doors, daylight. Korean animation style, soft cel shading, clean line art, warm muted colors, Joseon dynasty 1730s, no text","말투는 여전히 거칠었지만, 장부만큼은 한 톨도 틀리는 법이 없었지요","말투는 여전히 거칠었지만, 장부만큼은 한 톨도 틀리는 법이 없었지요",곽마름,sarangchae,"Korean animation style, soft cel shading, clean line art, warm muted colors, Joseon dynasty 1730s",scene,7.010,4435.780,4442.790,S032
"autumn, tenant farmers bowing to Kwak in Yangju. Characters: Kwak (sunburnt broad-shouldered farm manager). Setting: rice fields and farming village in Yangju, Joseon dynasty. Korean animation style, soft cel shading, clean line art, warm muted colors, Joseon dynasty 1730s, no text",해마다 가을이면 양주의 소작인들이 곽 청지기를 찾아와 머리를 조아렸어요 ,"해마다 가을이면 양주의 소작인들이 곽 청지기를 찾아와 머리를 조아렸어요 흉년 든 해에는 도조를 깎아 주고, 굶는 집에는",곽마름,yangju_fields,"Korean animation style, soft cel shading, clean line art, warm muted colors, Joseon dynasty 1730s",scene,10.720,4442.790,4453.510,S032
"Kwak openly handing rice to a poor family. Characters: Kwak (sunburnt broad-shouldered farm manager). Setting: rice fields and farming village in Yangju, Joseon dynasty. Korean animation style, soft cel shading, clean line art, warm muted colors, Joseon dynasty 1730s, no text",몰래 쌀을 보내던 그 버릇을 대감이 이제는 드러내 놓고 하라 일렀기 때문,몰래 쌀을 보내던 그 버릇을 대감이 이제는 드러내 놓고 하라 일렀기 때문이었습니다,곽마름,yangju_fields,"Korean animation style, soft cel shading, clean line art, warm muted colors, Joseon dynasty 1730s",scene,8.340,4453.510,4461.850,S032
"a clean annex, Lord Shim speaking to Dallae. Characters: Lord Shim (elderly nobleman with white beard), Dallae (young seamstress in faded white jeogori). Setting: bright clean annex of a Joseon mansion with a sunny wooden veranda, spring. Korean animation style, soft cel shading, clean line art, warm muted colors, Joseon dynasty 1730s, no text","며칠 뒤, 대감은 안채 곁의 별채를 깨끗이 치우게 했습니다 그리고 달래를","며칠 뒤, 대감은 안채 곁의 별채를 깨끗이 치우게 했습니다 그리고 달래를 불러 말했지요 ""이제 너는 누구의 침모가 아니다","심대감,달래",byeolchae,"Korean animation style, soft cel shading, clean line art, warm muted colors, Joseon dynasty 1730s",dialogue,12.770,4461.850,4474.620,S033
"Lord Shim speaking warmly. Characters: Lord Shim (elderly nobleman with white beard), Dallae (young seamstress in faded white jeogori). Setting: bright clean annex of a Joseon mansion with a sunny wooden veranda, spring. Korean animation style, soft cel shading, clean line art, warm muted colors, Joseon dynasty 1730s, no text","권 진사의 딸로, 네 이름으로 살거라 이 별채에서 준이에게 글도 가르치고","권 진사의 딸로, 네 이름으로 살거라 이 별채에서 준이에게 글도 가르치고 바느질도 가르쳐 다오","심대감,달래",byeolchae,"Korean animation style, soft cel shading, clean line art, warm muted colors, Joseon dynasty 1730s",dialogue,9.700,4474.620,4484.320,S033
"Dallae performing a deep formal bow before Lord Shim. Characters: Dallae (young seamstress in faded white jeogori), Lord Shim (elderly nobleman with white beard). Setting: bright clean annex of a Joseon mansion with a sunny wooden veranda, spring. Korean animation style, soft cel shading, clean line art, warm muted colors, Joseon dynasty 1730s, no text","네 아비에게 진 빚을, 이렇게라도 갚게 해 다오."" 달래는 대감 앞에 큰","네 아비에게 진 빚을, 이렇게라도 갚게 해 다오."" 달래는 대감 앞에 큰절을 올렸어요","달래,심대감",byeolchae,"Korean animation style, soft cel shading, clean line art, warm muted colors, Joseon dynasty 1730s",scene,9.330,4484.320,4493.650,S033
"spring, sunlight on the annex veranda. Characters: Dallae (young seamstress in faded white jeogori), Juni (7-year-old noble boy with red ribbon). Setting: bright clean annex of a Joseon mansion with a sunny wooden veranda, spring. Korean animation style, soft cel shading, clean line art, warm muted colors, Joseon dynasty 1730s, no text","삼 년 동안 고개만 숙이던 사람이 올리는, 처음이자 온전한 절이었습니다 ","삼 년 동안 고개만 숙이던 사람이 올리는, 처음이자 온전한 절이었습니다 그해 봄, 별채 마루에서는 날마다 두 사람의 목소리가 들렸어요","달래,준이",byeolchae,"Korean animation style, soft cel shading, clean line art, warm muted colors, Joseon dynasty 1730s",scene,12.950,4493.650,4506.600,S033
"Juni reading the Thousand Character Classic, Dallae pointing at each letter. Characters: Dallae (young seamstress in faded white jeogori), Juni (7-year-old noble boy with red ribbon). Setting: bright clean annex of a Joseon mansion with a sunny wooden veranda, spring. Korean animation style, soft cel shading, clean line art, warm muted colors, Joseon dynasty 1730s, no text","천자문을 따라 읽는 준이의 목소리와, 그 곁에서 한 자 한 자 짚어 주는","천자문을 따라 읽는 준이의 목소리와, 그 곁에서 한 자 한 자 짚어 주는 달래의 목소리였지요 달래는 준이에게 바느질도 가르쳤어요","달래,준이",byeolchae,"Korean animation style, soft cel shading, clean line art, warm muted colors, Joseon dynasty 1730s",scene,12.570,4506.600,4519.170,S033
"Dallae guiding Juni's small hand to sew stitch by stitch. Characters: Dallae (young seamstress in faded white jeogori), Juni (7-year-old noble boy with red ribbon). Setting: bright clean annex of a Joseon mansion with a sunny wooden veranda, spring. Korean animation style, soft cel shading, clean line art, warm muted colors, Joseon dynasty 1730s, no text","준이의 서툰 손에 바늘이 들리면, 달래는 그 손을 제 손으로 감싸 한 땀","준이의 서툰 손에 바늘이 들리면, 달래는 그 손을 제 손으로 감싸 한 땀 한 땀 같이 떠 주었습니다","달래,준이",byeolchae,"Korean animation style, soft cel shading, clean line art, warm muted colors, Joseon dynasty 1730s",scene,8.970,4519.170,4528.140,S033
"Juni running to his grandfather holding his first mended sock. Characters: Juni (7-year-old noble boy with red ribbon), Lord Shim (elderly nobleman with white beard). Setting: Joseon nobleman's study with desk, inkstone, cabinets, ledgers, paper doors, daylight. Korean animation style, soft cel shading, clean line art, warm muted colors, Joseon dynasty 1730s, no text",준이는 제가 처음 기운 버선을 들고 사랑채로 달려가 할아버지께 자랑을 했,준이는 제가 처음 기운 버선을 들고 사랑채로 달려가 할아버지께 자랑을 했지요,"준이,심대감",sarangchae,"Korean animation style, soft cel shading, clean line art, warm muted colors, Joseon dynasty 1730s",scene,7.230,4528.140,4535.370,S033
"Lord Shim tucking the crooked-stitched sock deep into his cabinet with a smile. Characters: Lord Shim (elderly nobleman with white beard). Setting: Joseon nobleman's study with desk, inkstone, cabinets, ledgers, paper doors, daylight. Korean animation style, soft cel shading, clean line art, warm muted colors, Joseon dynasty 1730s, no text","삐뚤빼뚤한 바늘땀이었지만, 대감은 그 버선을 문갑 깊숙이 넣어 두었습니다","삐뚤빼뚤한 바늘땀이었지만, 대감은 그 버선을 문갑 깊숙이 넣어 두었습니다 어느 날 밤, 준이가 달래의 무릎을 베고 누워 졸린 눈으로 말했습니다",심대감,sarangchae,"Korean animation style, soft cel shading, clean line art, warm muted colors, Joseon dynasty 1730s",scene,13.860,4535.370,4549.230,S033
"night, Juni lying on Dallae's lap asking sleepily. Characters: Juni (7-year-old noble boy with red ribbon), Dallae (young seamstress in faded white jeogori). Setting: annex room at night with warm lamp light. Korean animation style, soft cel shading, clean line art, warm muted colors, Joseon dynasty 1730s, no text","""달래야, 그 노래 불러 줘. 이번엔 크게."" 달래는 웃으며 준이의 가슴","""달래야, 그 노래 불러 줘. 이번엔 크게."" 달래는 웃으며 준이의 가슴을 토닥였어요","준이,달래",byeolchae_night,"Korean animation style, soft cel shading, clean line art, warm muted colors, Joseon dynasty 1730s",dialogue,9.550,4549.230,4558.780,S033
"Dallae smiling and singing openly, lamp light filling the annex. Characters: Dallae (young seamstress in faded white jeogori), Juni (7-year-old noble boy with red ribbon). Setting: annex room at night with warm lamp light. Korean animation style, soft cel shading, clean line art, warm muted colors, Joseon dynasty 1730s, no text","그리고 이번에는 숨지 않고, 온 별채가 울리도록 노래를 불렀지요","그리고 이번에는 숨지 않고, 온 별채가 울리도록 노래를 불렀지요","달래,준이",byeolchae_night,"Korean animation style, soft cel shading, clean line art, warm muted colors, Joseon dynasty 1730s",scene,6.140,4558.780,4564.920,S033
"Dallae singing a lullaby, Juni falling asleep peacefully. Characters: Dallae (young seamstress in faded white jeogori), Juni (7-year-old noble boy with red ribbon). Setting: annex room at night with warm lamp light. Korean animation style, soft cel shading, clean line art, warm muted colors, Joseon dynasty 1730s, no text","""자장 자장 우리 아기, 달빛 타고 잠이 오네. 바늘 끝에 별을 꿰어, ","""자장 자장 우리 아기, 달빛 타고 잠이 오네. 바늘 끝에 별을 꿰어, 우리 아기 이불 짓자.""","달래,준이",byeolchae_night,"Korean animation style, soft cel shading, clean line art, warm muted colors, Joseon dynasty 1730s",scene,8.880,4564.920,4573.800,S033
"Lord Shim putting down his pipe, gazing out the window at the moon. Characters: Lord Shim (elderly nobleman with white beard). Setting: Joseon nobleman's study at night lit by an oil lamp, long shadows. Korean animation style, soft cel shading, clean line art, warm muted colors, Joseon dynasty 1730s, no text",사랑채에서 그 노래를 들은 대감은 곰방대를 내려놓고 오래도록 창밖을 바라,사랑채에서 그 노래를 들은 대감은 곰방대를 내려놓고 오래도록 창밖을 바라보았습니다,심대감,sarangchae_night,"Korean animation style, soft cel shading, clean line art, warm muted colors, Joseon dynasty 1730s",scene,8.330,4573.800,4582.130,S033
"the mansion under a full moon, warm light in the annex. Setting: large Joseon noble mansion under a full moon. Korean animation style, soft cel shading, clean line art, warm muted colors, Joseon dynasty 1730s, no text","열두 해 동안 입을 닫았던 두 사람이, 그제야 저마다의 말을 되찾은 밤이","열두 해 동안 입을 닫았던 두 사람이, 그제야 저마다의 말을 되찾은 밤이었어요 말하지 못한다고 해서 진실까지 사라지는 것은 아니었습니다",,mansion_night,"Korean animation style, soft cel shading, clean line art, warm muted colors, Joseon dynasty 1730s",narration,13.140,4582.130,4595.270,S033
"close-up of a needle and red and blue threads resting on white fabric, peaceful. Setting: small Joseon sewing room with sewing basket, colorful threads, fabrics, paper doors, soft daylight. Korean animation style, soft cel shading, clean line art, warm muted colors, Joseon dynasty 1730s, no text","바늘 한 땀 한 땀에 새겨진 진실은, 끝내 제 목소리를 찾아냈으니까요","바늘 한 땀 한 땀에 새겨진 진실은, 끝내 제 목소리를 찾아냈으니까요",,chimbang,"Korean animation style, soft cel shading, clean line art, warm muted colors, Joseon dynasty 1730s",narration,6.790,4595.270,4602.060,S033
"storyteller's cozy room with a lamp and an open book. Setting: cozy traditional Korean room with a lamp, low table, warm atmosphere. Korean animation style, soft cel shading, clean line art, warm muted colors, Joseon dynasty 1730s, no text","오늘 이야기는 여기까지입니다 이야기를 마치기 전에, 몇 가지 옛 풍속을 ","오늘 이야기는 여기까지입니다 이야기를 마치기 전에, 몇 가지 옛 풍속을 짚어 드릴게요",,sarangbang_cozy,"Korean animation style, soft cel shading, clean line art, warm muted colors, Joseon dynasty 1730s",narration,8.600,4602.060,4610.660,S034
"a Joseon sewing room with sewing tools and fabrics. Setting: small Joseon sewing room with sewing basket, colorful threads, fabrics, paper doors, soft daylight. Korean animation style, soft cel shading, clean line art, warm muted colors, Joseon dynasty 1730s, no text",조선의 양반가에는 바느질을 도맡는 침모가 있었습니다,조선의 양반가에는 바느질을 도맡는 침모가 있었습니다,,chimbang,"Korean animation style, soft cel shading, clean line art, warm muted colors, Joseon dynasty 1730s",narration,5.420,4610.660,4616.080,S034
"a seamstress working in a noble house, historical illustration. Setting: small Joseon sewing room with sewing basket, colorful threads, fabrics, paper doors, soft daylight. Korean animation style, soft cel shading, clean line art, warm muted colors, Joseon dynasty 1730s, no text","품삯을 받고 들어와 일하는 경우가 많았고, 형편이 기운 집안의 여인이 침","품삯을 받고 들어와 일하는 경우가 많았고, 형편이 기운 집안의 여인이 침모가 되기도 했다고 해요",,chimbang,"Korean animation style, soft cel shading, clean line art, warm muted colors, Joseon dynasty 1730s",narration,9.290,4616.080,4625.370,S034
"a steward and tenant farmers in rice fields, historical scene. Setting: rice fields and farming village in Yangju, Joseon dynasty. Korean animation style, soft cel shading, clean line art, warm muted colors, Joseon dynasty 1730s, no text",달래 같은 사연이 아주 없는 이야기는 아니었던 셈이지요 곽 마름 같은 마,달래 같은 사연이 아주 없는 이야기는 아니었던 셈이지요 곽 마름 같은 마름도 실제로 있었습니다,,yangju_fields,"Korean animation style, soft cel shading, clean line art, warm muted colors, Joseon dynasty 1730s",narration,9.430,4625.370,4634.800,S034
"farmers delivering rice to a landlord's agent. Setting: rice fields and farming village in Yangju, Joseon dynasty. Korean animation style, soft cel shading, clean line art, warm muted colors, Joseon dynasty 1730s, no text",한양에 사는 지주를 대신해 시골 전답을 돌보고 소작료를 거두던 사람들이에,한양에 사는 지주를 대신해 시골 전답을 돌보고 소작료를 거두던 사람들이에요,,yangju_fields,"Korean animation style, soft cel shading, clean line art, warm muted colors, Joseon dynasty 1730s",narration,7.330,4634.800,4642.130,S034
"a harvest scene with a landlord's agent recording in a notebook. Setting: rice fields and farming village in Yangju, Joseon dynasty. Korean animation style, soft cel shading, clean line art, warm muted colors, Joseon dynasty 1730s, no text","마름이 어떤 사람이냐에 따라 소작인들의 한 해 살림이 달라졌다고 하니, ","마름이 어떤 사람이냐에 따라 소작인들의 한 해 살림이 달라졌다고 하니, 참 무거운 자리였습니다",,yangju_fields,"Korean animation style, soft cel shading, clean line art, warm muted colors, Joseon dynasty 1730s",narration,8.550,4642.130,4650.680,S034
"close-up of hands doing invisible slip stitching on hanbok fabric. Setting: small Joseon sewing room with sewing basket, colorful threads, fabrics, paper doors, soft daylight. Korean animation style, soft cel shading, clean line art, warm muted colors, Joseon dynasty 1730s, no text",달래가 쓴 공그르기는 지금도 한복을 지을 때 쓰는 바느질법입니다 겉에서 ,달래가 쓴 공그르기는 지금도 한복을 지을 때 쓰는 바느질법입니다 겉에서 땀이 보이지 않게 속으로 꿰매는 방법이지요,,chimbang,"Korean animation style, soft cel shading, clean line art, warm muted colors, Joseon dynasty 1730s",narration,10.890,4650.680,4661.570,S034
"red and blue threads on white fabric, gentle light. Setting: small Joseon sewing room with sewing basket, colorful threads, fabrics, paper doors, soft daylight. Korean animation style, soft cel shading, clean line art, warm muted colors, Joseon dynasty 1730s, no text",다만 붉은 실과 푸른 실로 숫자를 새기는 방법은 이 이야기를 위해 지어낸,"다만 붉은 실과 푸른 실로 숫자를 새기는 방법은 이 이야기를 위해 지어낸 것이니, 그렇게 들어 주시면 좋겠습니다",,chimbang,"Korean animation style, soft cel shading, clean line art, warm muted colors, Joseon dynasty 1730s",narration,10.570,4661.570,4672.140,S034
"Sundeok-eomeom at night watching a bent figure, contemplative. Characters: Sundeok-eomeom (stout kitchen woman in apron). Setting: dark noble mansion courtyard at night, moon behind clouds, tiled roofs. Korean animation style, soft cel shading, clean line art, warm muted colors, Joseon dynasty 1730s, no text","이제 여러분께 여쭙고 싶어요 여러분이 순덕어멈이었다면, 그 밤 청지기의 ","이제 여러분께 여쭙고 싶어요 여러분이 순덕어멈이었다면, 그 밤 청지기의 뒷모습을 보고 바로 말할 수 있었을까요?",순덕어멈,courtyard_night,"Korean animation style, soft cel shading, clean line art, warm muted colors, Joseon dynasty 1730s",narration,11.330,4672.140,4683.470,S034
"a letter and brush on a table, inviting comments. Setting: cozy traditional Korean room with a lamp, low table, warm atmosphere. Korean animation style, soft cel shading, clean line art, warm muted colors, Joseon dynasty 1730s, no text",삼십 년을 믿어 온 어른을 의심하는 일이 쉽지는 않았을 겁니다 여러분의 ,삼십 년을 믿어 온 어른을 의심하는 일이 쉽지는 않았을 겁니다 여러분의 생각을 댓글로 들려주세요,,sarangbang_cozy,"Korean animation style, soft cel shading, clean line art, warm muted colors, Joseon dynasty 1730s",narration,9.170,4683.470,4692.640,S034
"storyteller's room at night, a warm lamp. Setting: cozy traditional Korean room with a lamp, low table, warm atmosphere. Korean animation style, soft cel shading, clean line art, warm muted colors, Joseon dynasty 1730s, no text","마지막으로, 문헌야담이 이 이야기를 준비하며 오래 붙들고 있던 생각 하나","마지막으로, 문헌야담이 이 이야기를 준비하며 오래 붙들고 있던 생각 하나를 나누고 싶습니다",,sarangbang_cozy,"Korean animation style, soft cel shading, clean line art, warm muted colors, Joseon dynasty 1730s",narration,9.070,4692.640,4701.710,S034
"Lord Shim and Dallae sitting quietly facing each other. Characters: Lord Shim (elderly nobleman with white beard), Dallae (young seamstress in faded white jeogori). Setting: Joseon nobleman's study in the evening, warm lamp light, tea table. Korean animation style, soft cel shading, clean line art, warm muted colors, Joseon dynasty 1730s, no text",처음에는 말 못 하는 침모가 누명을 벗는 이야기라고만 생각했어요 그런데 ,처음에는 말 못 하는 침모가 누명을 벗는 이야기라고만 생각했어요 그런데 쓰면 쓸수록 마음이 가는 사람은 달래보다 대감이었습니다,"심대감,달래",sarangchae_evening,"Korean animation style, soft cel shading, clean line art, warm muted colors, Joseon dynasty 1730s",narration,12.200,4701.710,4713.910,S034
"symbolic image of Dallae with closed lips and Lord Shim looking away. Characters: Lord Shim (elderly nobleman with white beard), Dallae (young seamstress in faded white jeogori). Setting: Joseon nobleman's study in the evening, warm lamp light, tea table. Korean animation style, soft cel shading, clean line art, warm muted colors, Joseon dynasty 1730s, no text","달래는 말을 해서 아버지를 잃었다고 믿었고, 대감은 말을 하지 않아서 벗","달래는 말을 해서 아버지를 잃었다고 믿었고, 대감은 말을 하지 않아서 벗을 잃었죠","심대감,달래",sarangchae_evening,"Korean animation style, soft cel shading, clean line art, warm muted colors, Joseon dynasty 1730s",narration,7.580,4713.910,4721.490,S034
"two shadows on a paper wall, each carrying a weight. Characters: Lord Shim (elderly nobleman with white beard), Dallae (young seamstress in faded white jeogori). Setting: Joseon nobleman's study in the evening, warm lamp light, tea table. Korean animation style, soft cel shading, clean line art, warm muted colors, Joseon dynasty 1730s, no text","한 사람은 말한 것을 평생 짊어졌고, 한 사람은 말하지 않은 것을 평생 ","한 사람은 말한 것을 평생 짊어졌고, 한 사람은 말하지 않은 것을 평생 짊어진 셈이었습니다 살다 보면 우리도 그렇지 않던가요","심대감,달래",sarangchae_evening,"Korean animation style, soft cel shading, clean line art, warm muted colors, Joseon dynasty 1730s",narration,12.340,4721.490,4733.830,S034
"old people telling stories by a fire in a village. Setting: panorama of 18th-century Hanyang with tiled roofs and mountains. Korean animation style, soft cel shading, clean line art, warm muted colors, Joseon dynasty 1730s, no text","해야 할 말을 삼키고 오래 후회하기도 하고, 하지 말았어야 할 말 한마디","해야 할 말을 삼키고 오래 후회하기도 하고, 하지 말았어야 할 말 한마디에 밤잠을 설치기도 합니다 옛사람들이 이런 이야기를 입에서 입으로 전해 온 까닭도,",,hanyang_view,"Korean animation style, soft cel shading, clean line art, warm muted colors, Joseon dynasty 1730s",narration,13.450,4733.830,4747.280,S034
"a balance scale with two stones, symbolic. Setting: panorama of 18th-century Hanyang with tiled roofs and mountains. Korean animation style, soft cel shading, clean line art, warm muted colors, Joseon dynasty 1730s, no text",어쩌면 그 두 가지 무게를 함께 들여다보라는 뜻이 아니었을까 싶기도 합니,어쩌면 그 두 가지 무게를 함께 들여다보라는 뜻이 아니었을까 싶기도 합니다 문헌야담은 옛이야기를 그저 재미로만 들려 드리고 싶지 않습니다,,hanyang_view,"Korean animation style, soft cel shading, clean line art, warm muted colors, Joseon dynasty 1730s",narration,13.570,4747.280,4760.850,S034
"an old storybook glowing on a table. Setting: cozy traditional Korean room with a lamp, low table, warm atmosphere. Korean animation style, soft cel shading, clean line art, warm muted colors, Joseon dynasty 1730s, no text","오래된 이야기 속 사람들의 선택이, 오늘 우리의 선택을 한 번쯤 돌아보게","오래된 이야기 속 사람들의 선택이, 오늘 우리의 선택을 한 번쯤 돌아보게 하는 자리가 되었으면 합니다",,sarangbang_cozy,"Korean animation style, soft cel shading, clean line art, warm muted colors, Joseon dynasty 1730s",narration,8.760,4760.850,4769.610,S034
"a lamp being lit in a cozy traditional room. Setting: cozy traditional Korean room with a lamp, low table, warm atmosphere. Korean animation style, soft cel shading, clean line art, warm muted colors, Joseon dynasty 1730s, no text",오늘 이야기가 마음에 남으셨다면 구독과 좋아요로 문헌야담에 등불 하나 더,오늘 이야기가 마음에 남으셨다면 구독과 좋아요로 문헌야담에 등불 하나 더 밝혀 주세요,,sarangbang_cozy,"Korean animation style, soft cel shading, clean line art, warm muted colors, Joseon dynasty 1730s",narration,8.450,4769.610,4778.060,S034
"a cup of warm tea beside a lamp, peaceful night. Setting: cozy traditional Korean room with a lamp, low table, warm atmosphere. Korean animation style, soft cel shading, clean line art, warm muted colors, Joseon dynasty 1730s, no text",다음 이야기도 따뜻한 차 한 잔 곁에 두고 들으실 수 있도록 정성껏 준비,다음 이야기도 따뜻한 차 한 잔 곁에 두고 들으실 수 있도록 정성껏 준비하겠습니다 편안한 밤 되십시오,,sarangbang_cozy,"Korean animation style, soft cel shading, clean line art, warm muted colors, Joseon dynasty 1730s",narration,11.030,4778.060,4789.090,S034
